champion_i,champion_j,games_ij
Ahri,Sylas,17164.0
Ahri,Mel,16227.0
Ahri,Yasuo,14329.0
Ahri,Viktor,13990.0
Ahri,Zed,11919.0
Ahri,Malzahar,11670.0
Ahri,Katarina,11116.0
Ahri,Akali,10824.0
Ahri,Veigar,10576.0
Ahri,Syndra,9739.0
Ahri,Yone,9448.0
Ahri,Xerath,9175.0
Ahri,Twisted Fate,9059.0
Ahri,Orianna,8769.0
Ahri,LeBlanc,8499.0
Ahri,Lux,8110.0
Ahri,Fizz,7292.0
Ahri,Aurora,7030.0
Ahri,Diana,6893.0
Ahri,Zoe,6634.0
Ahri,Ryze,6597.0
Ahri,Galio,6281.0
Ahri,Anivia,5836.0
Ahri,Hwei,5712.0
Ahri,Vex,5643.0
Ahri,Annie,5391.0
Ahri,Lissandra,5244.0
Ahri,Ekko,4972.0
Ahri,Aurelion Sol,4904.0
Ahri,Kassadin,4861.0
Ahri,Akshan,4755.0
Ahri,Vladimir,4485.0
Ahri,Irelia,4234.0
Ahri,Naafiri,4170.0
Ahri,Qiyana,3714.0
Ahri,Taliyah,3445.0
Ahri,Talon,3333.0
Ahri,Azir,3138.0
Ahri,Vel'Koz,2014.0
Ahri,Brand,1842.0
Ahri,Cassiopeia,1792.0
Ahri,Swain,1685.0
Ahri,Smolder,1484.0
Ahri,Ziggs,1381.0
Ahri,Sion,1248.0
Ahri,Kayle,1081.0
Ahri,Jayce,1065.0
Ahri,Kog'Maw,1000.0
Ahri,Malphite,994.0
Ahri,Cho'Gath,987.0
Ahri,Morgana,928.0
Ahri,Pantheon,905.0
Ahri,Nasus,724.0
Xerath,Ahri,9175.0
Xerath,Viktor,6768.0
Xerath,Mel,6156.0
Xerath,Malzahar,5273.0
Xerath,Yasuo,4737.0
Xerath,Syndra,4252.0
Xerath,Zed,3984.0
Xerath,Veigar,3811.0
Xerath,Lux,3602.0
Xerath,Katarina,3510.0
Xerath,Fizz,3503.0
Xerath,Twisted Fate,3475.0
Xerath,Sylas,3428.0
Xerath,Yone,3284.0
Xerath,Akali,3151.0
Xerath,Orianna,3088.0
Xerath,Hwei,2958.0
Xerath,LeBlanc,2875.0
Xerath,Anivia,2790.0
Xerath,Diana,2368.0
Xerath,Zoe,2134.0
Xerath,Aurora,2095.0
Xerath,Lissandra,1983.0
Xerath,Galio,1948.0
Xerath,Ryze,1948.0
Xerath,Ekko,1925.0
Xerath,Vex,1879.0
Xerath,Aurelion Sol,1867.0
Xerath,Kassadin,1668.0
Xerath,Naafiri,1599.0
Xerath,Irelia,1539.0
Xerath,Akshan,1397.0
Xerath,Azir,1353.0
Xerath,Annie,1332.0
Xerath,Vladimir,1280.0
Xerath,Qiyana,1107.0
Xerath,Taliyah,1066.0
Xerath,Vel'Koz,1032.0
Xerath,Talon,921.0
Xerath,Ziggs,830.0
Xerath,Brand,782.0
Xerath,Cassiopeia,681.0
Xerath,Smolder,607.0
Xerath,Swain,524.0
Xerath,Sion,432.0
Xerath,Malphite,412.0
Xerath,Kog'Maw,388.0
Xerath,Morgana,347.0
Xerath,Kayle,336.0
Xerath,Jayce,329.0
Xerath,Cho'Gath,317.0
Xerath,Pantheon,314.0
Xerath,Nasus,304.0
Malzahar,Ahri,11670.0
Malzahar,Yasuo,8404.0
Malzahar,Viktor,6433.0
Malzahar,Zed,5856.0
Malzahar,Mel,5814.0
Malzahar,Katarina,5789.0
Malzahar,Smolder,5415.0
Malzahar,Xerath,5273.0
Malzahar,Veigar,5140.0
Malzahar,Akali,4890.0
Malzahar,Twisted Fate,4864.0
Malzahar,Yone,4632.0
Malzahar,Sylas,4245.0
Malzahar,Lux,4099.0
Malzahar,Fizz,3955.0
Malzahar,Syndra,3945.0
Malzahar,LeBlanc,3940.0
Malzahar,Diana,3634.0
Malzahar,Aurelion Sol,3473.0
Malzahar,Ryze,3422.0
Malzahar,Orianna,3092.0
Malzahar,Ekko,3021.0
Malzahar,Hwei,2999.0
Malzahar,Zoe,2793.0
Malzahar,Anivia,2718.0
Malzahar,Galio,2652.0
Malzahar,Kassadin,2640.0
Malzahar,Vladimir,2593.0
Malzahar,Irelia,2398.0
Malzahar,Aurora,2337.0
Malzahar,Lissandra,2258.0
Malzahar,Naafiri,2188.0
Malzahar,Akshan,2158.0
Malzahar,Vex,2006.0
Malzahar,Talon,1651.0
Malzahar,Qiyana,1552.0
Malzahar,Annie,1547.0
Malzahar,Sion,1483.0
Malzahar,Brand,1380.0
Malzahar,Azir,1362.0
Malzahar,Taliyah,1288.0
Malzahar,Vel'Koz,1094.0
Malzahar,Ziggs,917.0
Malzahar,Swain,894.0
Malzahar,Cassiopeia,825.0
Malzahar,Cho'Gath,570.0
Malzahar,Kayle,564.0
Malzahar,Morgana,549.0
Malzahar,Nasus,494.0
Malzahar,Malphite,460.0
Malzahar,Pantheon,455.0
Malzahar,Kog'Maw,432.0
Malzahar,Jayce,344.0
Veigar,Ahri,10576.0
Veigar,Malzahar,5140.0
Veigar,Yasuo,5053.0
Veigar,Katarina,4333.0
Veigar,Viktor,4179.0
Veigar,Fizz,3885.0
Veigar,Xerath,3811.0
Veigar,Zed,3778.0
Veigar,Mel,3770.0
Veigar,Akali,3595.0
Veigar,Sylas,3412.0
Veigar,Syndra,3032.0
Veigar,Yone,2996.0
Veigar,Lux,2980.0
Veigar,Twisted Fate,2440.0
Veigar,Orianna,2390.0
Veigar,Aurelion Sol,2326.0
Veigar,Ryze,2195.0
Veigar,Kassadin,2195.0
Veigar,LeBlanc,2167.0
Veigar,Anivia,2082.0
Veigar,Ekko,2076.0
Veigar,Diana,2041.0
Veigar,Hwei,2037.0
Veigar,Aurora,1835.0
Veigar,Vladimir,1795.0
Veigar,Galio,1739.0
Veigar,Zoe,1732.0
Veigar,Vex,1687.0
Veigar,Lissandra,1677.0
Veigar,Naafiri,1518.0
Veigar,Akshan,1494.0
Veigar,Irelia,1342.0
Veigar,Annie,1220.0
Veigar,Qiyana,1098.0
Veigar,Azir,1037.0
Veigar,Talon,891.0
Veigar,Vel'Koz,825.0
Veigar,Brand,799.0
Veigar,Taliyah,761.0
Veigar,Smolder,747.0
Veigar,Ziggs,741.0
Veigar,Cassiopeia,618.0
Veigar,Swain,532.0
Veigar,Kayle,473.0
Veigar,Sion,423.0
Veigar,Cho'Gath,399.0
Veigar,Malphite,391.0
Veigar,Nasus,383.0
Veigar,Kog'Maw,352.0
Veigar,Morgana,332.0
Veigar,Pantheon,319.0
Veigar,Jayce,304.0
Viktor,Ahri,13990.0
Viktor,Yasuo,6798.0
Viktor,Xerath,6768.0
Viktor,Malzahar,6433.0
Viktor,Mel,6185.0
Viktor,Sylas,5474.0
Viktor,Zed,5283.0
Viktor,Yone,5180.0
Viktor,Akali,5144.0
Viktor,Syndra,5047.0
Viktor,Orianna,4831.0
Viktor,Katarina,4783.0
Viktor,Twisted Fate,4526.0
Viktor,Veigar,4179.0
Viktor,Ryze,3742.0
Viktor,Lux,3737.0
Viktor,LeBlanc,3641.0
Viktor,Hwei,3513.0
Viktor,Fizz,3294.0
Viktor,Aurora,3228.0
Viktor,Diana,3175.0
Viktor,Anivia,3031.0
Viktor,Galio,3018.0
Viktor,Zoe,2932.0
Viktor,Aurelion Sol,2849.0
Viktor,Ekko,2544.0
Viktor,Kassadin,2435.0
Viktor,Vex,2373.0
Viktor,Vladimir,2353.0
Viktor,Irelia,2347.0
Viktor,Lissandra,2297.0
Viktor,Akshan,2131.0
Viktor,Naafiri,2021.0
Viktor,Annie,1726.0
Viktor,Azir,1580.0
Viktor,Taliyah,1566.0
Viktor,Qiyana,1550.0
Viktor,Talon,1434.0
Viktor,Vel'Koz,1371.0
Viktor,Brand,955.0
Viktor,Cassiopeia,909.0
Viktor,Ziggs,890.0
Viktor,Smolder,806.0
Viktor,Swain,798.0
Viktor,Sion,713.0
Viktor,Cho'Gath,508.0
Viktor,Kog'Maw,485.0
Viktor,Nasus,482.0
Viktor,Morgana,473.0
Viktor,Malphite,467.0
Viktor,Jayce,460.0
Viktor,Pantheon,444.0
Viktor,Kayle,429.0
Fizz,Ahri,7292.0
Fizz,Yasuo,5233.0
Fizz,Zed,4953.0
Fizz,Katarina,4493.0
Fizz,Malzahar,3955.0
Fizz,Veigar,3885.0
Fizz,Mel,3822.0
Fizz,Sylas,3597.0
Fizz,Akali,3529.0
Fizz,Xerath,3503.0
Fizz,Syndra,3354.0
Fizz,Viktor,3294.0
Fizz,Yone,2980.0
Fizz,Galio,2978.0
Fizz,Diana,2683.0
Fizz,Lux,2613.0
Fizz,Twisted Fate,2576.0
Fizz,LeBlanc,2449.0
Fizz,Lissandra,2393.0
Fizz,Ekko,1975.0
Fizz,Vladimir,1954.0
Fizz,Zoe,1904.0
Fizz,Orianna,1781.0
Fizz,Kassadin,1776.0
Fizz,Aurelion Sol,1759.0
Fizz,Ryze,1749.0
Fizz,Anivia,1686.0
Fizz,Hwei,1653.0
Fizz,Vex,1625.0
Fizz,Aurora,1596.0
Fizz,Naafiri,1494.0
Fizz,Irelia,1327.0
Fizz,Qiyana,1233.0
Fizz,Akshan,1215.0
Fizz,Annie,1169.0
Fizz,Talon,965.0
Fizz,Pantheon,831.0
Fizz,Azir,788.0
Fizz,Taliyah,744.0
Fizz,Vel'Koz,697.0
Fizz,Brand,622.0
Fizz,Sion,592.0
Fizz,Cassiopeia,505.0
Fizz,Ziggs,498.0
Fizz,Smolder,491.0
Fizz,Cho'Gath,421.0
Fizz,Swain,418.0
Fizz,Malphite,360.0
Fizz,Nasus,322.0
Fizz,Morgana,321.0
Fizz,Kayle,281.0
Fizz,Jayce,280.0
Fizz,Kog'Maw,268.0
Diana,Ahri,6893.0
Diana,Katarina,4366.0
Diana,Zed,4332.0
Diana,Yasuo,4020.0
Diana,Sylas,3637.0
Diana,Malzahar,3634.0
Diana,Akali,3212.0
Diana,Viktor,3175.0
Diana,Mel,2759.0
Diana,Yone,2730.0
Diana,Fizz,2683.0
Diana,Galio,2380.0
Diana,Xerath,2368.0
Diana,LeBlanc,2156.0
Diana,Veigar,2041.0
Diana,Twisted Fate,2028.0
Diana,Syndra,1922.0
Diana,Lux,1859.0
Diana,Orianna,1815.0
Diana,Ekko,1593.0
Diana,Aurora,1564.0
Diana,Hwei,1520.0
Diana,Ryze,1486.0
Diana,Vex,1481.0
Diana,Anivia,1479.0
Diana,Aurelion Sol,1436.0
Diana,Zoe,1371.0
Diana,Kassadin,1306.0
Diana,Lissandra,1299.0
Diana,Naafiri,1253.0
Diana,Irelia,1250.0
Diana,Vladimir,1240.0
Diana,Akshan,1240.0
Diana,Qiyana,1089.0
Diana,Annie,970.0
Diana,Talon,946.0
Diana,Azir,769.0
Diana,Taliyah,665.0
Diana,Cassiopeia,627.0
Diana,Vel'Koz,479.0
Diana,Brand,466.0
Diana,Swain,411.0
Diana,Pantheon,379.0
Diana,Ziggs,372.0
Diana,Sion,371.0
Diana,Smolder,370.0
Diana,Malphite,299.0
Diana,Cho'Gath,285.0
Diana,Kog'Maw,248.0
Diana,Nasus,244.0
Diana,Morgana,237.0
Diana,Jayce,230.0
Diana,Kayle,228.0
Yasuo,Ahri,14329.0
Yasuo,Yone,9859.0
Yasuo,Akali,9295.0
Yasuo,Zed,9284.0
Yasuo,Malzahar,8404.0
Yasuo,Katarina,7637.0
Yasuo,Sylas,6985.0
Yasuo,Viktor,6798.0
Yasuo,Mel,6239.0
Yasuo,Fizz,5233.0
Yasuo,Veigar,5053.0
Yasuo,Lissandra,4864.0
Yasuo,Vex,4767.0
Yasuo,Xerath,4737.0
Yasuo,Lux,4218.0
Yasuo,Vladimir,4113.0
Yasuo,Syndra,4063.0
Yasuo,Twisted Fate,4061.0
Yasuo,LeBlanc,4024.0
Yasuo,Diana,4020.0
Yasuo,Orianna,4005.0
Yasuo,Ryze,3748.0
Yasuo,Aurelion Sol,3544.0
Yasuo,Ekko,3506.0
Yasuo,Anivia,3487.0
Yasuo,Irelia,3387.0
Yasuo,Aurora,3287.0
Yasuo,Zoe,3217.0
Yasuo,Galio,3191.0
Yasuo,Kassadin,3168.0
Yasuo,Annie,3091.0
Yasuo,Hwei,2897.0
Yasuo,Naafiri,2531.0
Yasuo,Taliyah,2348.0
Yasuo,Qiyana,2282.0
Yasuo,Malphite,2229.0
Yasuo,Azir,2215.0
Yasuo,Akshan,2207.0
Yasuo,Pantheon,2101.0
Yasuo,Talon,1999.0
Yasuo,Cassiopeia,1166.0
Yasuo,Brand,1145.0
Yasuo,Vel'Koz,1108.0
Yasuo,Swain,1057.0
Yasuo,Smolder,996.0
Yasuo,Cho'Gath,933.0
Yasuo,Nasus,827.0
Yasuo,Sion,809.0
Yasuo,Ziggs,757.0
Yasuo,Kayle,715.0
Yasuo,Morgana,645.0
Yasuo,Jayce,645.0
Yasuo,Kog'Maw,507.0
Lux,Ahri,8110.0
Lux,Yasuo,4218.0
Lux,Malzahar,4099.0
Lux,Viktor,3737.0
Lux,Zed,3647.0
Lux,Xerath,3602.0
Lux,Katarina,3486.0
Lux,Mel,3485.0
Lux,Veigar,2980.0
Lux,Akali,2914.0
Lux,Yone,2866.0
Lux,Syndra,2857.0
Lux,Sylas,2758.0
Lux,Fizz,2613.0
Lux,LeBlanc,2250.0
Lux,Twisted Fate,2096.0
Lux,Orianna,1964.0
Lux,Hwei,1923.0
Lux,Zoe,1886.0
Lux,Diana,1859.0
Lux,Anivia,1624.0
Lux,Aurelion Sol,1623.0
Lux,Aurora,1594.0
Lux,Ekko,1584.0
Lux,Ryze,1582.0
Lux,Lissandra,1439.0
Lux,Galio,1438.0
Lux,Kassadin,1436.0
Lux,Vex,1406.0
Lux,Vladimir,1364.0
Lux,Naafiri,1356.0
Lux,Akshan,1342.0
Lux,Irelia,1255.0
Lux,Annie,1185.0
Lux,Qiyana,988.0
Lux,Azir,887.0
Lux,Talon,765.0
Lux,Taliyah,742.0
Lux,Vel'Koz,706.0
Lux,Brand,631.0
Lux,Ziggs,607.0
Lux,Smolder,524.0
Lux,Cassiopeia,498.0
Lux,Swain,438.0
Lux,Sion,360.0
Lux,Morgana,329.0
Lux,Malphite,318.0
Lux,Kog'Maw,305.0
Lux,Cho'Gath,288.0
Lux,Kayle,283.0
Lux,Pantheon,270.0
Lux,Jayce,236.0
Lux,Nasus,199.0
Zed,Ahri,11919.0
Zed,Yasuo,9284.0
Zed,Akali,6318.0
Zed,Sylas,6009.0
Zed,Katarina,5924.0
Zed,Malzahar,5856.0
Zed,Viktor,5283.0
Zed,Fizz,4953.0
Zed,Yone,4504.0
Zed,Diana,4332.0
Zed,Mel,4192.0
Zed,Xerath,3984.0
Zed,Lissandra,3933.0
Zed,LeBlanc,3923.0
Zed,Veigar,3778.0
Zed,Lux,3647.0
Zed,Twisted Fate,3619.0
Zed,Ekko,3360.0
Zed,Syndra,3126.0
Zed,Malphite,3022.0
Zed,Zoe,2991.0
Zed,Vladimir,2912.0
Zed,Irelia,2881.0
Zed,Ryze,2849.0
Zed,Orianna,2740.0
Zed,Vex,2564.0
Zed,Anivia,2495.0
Zed,Aurora,2490.0
Zed,Galio,2351.0
Zed,Hwei,2305.0
Zed,Akshan,2252.0
Zed,Qiyana,2206.0
Zed,Naafiri,2116.0
Zed,Aurelion Sol,1893.0
Zed,Talon,1760.0
Zed,Kassadin,1724.0
Zed,Annie,1718.0
Zed,Azir,1273.0
Zed,Sion,991.0
Zed,Taliyah,935.0
Zed,Vel'Koz,892.0
Zed,Pantheon,883.0
Zed,Cassiopeia,824.0
Zed,Brand,726.0
Zed,Nasus,666.0
Zed,Cho'Gath,653.0
Zed,Ziggs,652.0
Zed,Smolder,645.0
Zed,Swain,631.0
Zed,Kayle,467.0
Zed,Jayce,463.0
Zed,Morgana,394.0
Zed,Kog'Maw,365.0
Katarina,Ahri,11116.0
Katarina,Yasuo,7637.0
Katarina,Akali,6061.0
Katarina,Zed,5924.0
Katarina,Malzahar,5789.0
Katarina,Sylas,4876.0
Katarina,Viktor,4783.0
Katarina,Galio,4701.0
Katarina,Yone,4494.0
Katarina,Fizz,4493.0
Katarina,Diana,4366.0
Katarina,Veigar,4333.0
Katarina,Mel,4151.0
Katarina,Syndra,3577.0
Katarina,Xerath,3510.0
Katarina,Lux,3486.0
Katarina,Twisted Fate,3464.0
Katarina,Vex,3331.0
Katarina,LeBlanc,3314.0
Katarina,Lissandra,3238.0
Katarina,Kassadin,3091.0
Katarina,Vladimir,2901.0
Katarina,Ekko,2684.0
Katarina,Orianna,2616.0
Katarina,Zoe,2596.0
Katarina,Ryze,2470.0
Katarina,Irelia,2384.0
Katarina,Aurelion Sol,2378.0
Katarina,Anivia,2331.0
Katarina,Hwei,2281.0
Katarina,Aurora,2229.0
Katarina,Akshan,2045.0
Katarina,Annie,2035.0
Katarina,Naafiri,1972.0
Katarina,Qiyana,1887.0
Katarina,Talon,1548.0
Katarina,Azir,1223.0
Katarina,Taliyah,1019.0
Katarina,Pantheon,994.0
Katarina,Cassiopeia,872.0
Katarina,Vel'Koz,840.0
Katarina,Malphite,785.0
Katarina,Brand,769.0
Katarina,Cho'Gath,731.0
Katarina,Smolder,673.0
Katarina,Swain,629.0
Katarina,Ziggs,607.0
Katarina,Sion,597.0
Katarina,Kayle,551.0
Katarina,Jayce,495.0
Katarina,Nasus,433.0
Katarina,Kog'Maw,420.0
Katarina,Morgana,352.0
Anivia,Ahri,5836.0
Anivia,Yasuo,3487.0
Anivia,Viktor,3031.0
Anivia,Xerath,2790.0
Anivia,Malzahar,2718.0
Anivia,Zed,2495.0
Anivia,Mel,2408.0
Anivia,Katarina,2331.0
Anivia,Yone,2170.0
Anivia,Sylas,2142.0
Anivia,Veigar,2082.0
Anivia,Akali,2027.0
Anivia,Ryze,1947.0
Anivia,Syndra,1941.0
Anivia,Twisted Fate,1864.0
Anivia,Fizz,1686.0
Anivia,Lux,1624.0
Anivia,Orianna,1538.0
Anivia,Diana,1479.0
Anivia,Hwei,1472.0
Anivia,Aurelion Sol,1464.0
Anivia,LeBlanc,1416.0
Anivia,Aurora,1414.0
Anivia,Kassadin,1276.0
Anivia,Zoe,1243.0
Anivia,Galio,1193.0
Anivia,Ekko,1172.0
Anivia,Irelia,1060.0
Anivia,Vladimir,1020.0
Anivia,Lissandra,984.0
Anivia,Akshan,984.0
Anivia,Naafiri,937.0
Anivia,Vex,889.0
Anivia,Talon,742.0
Anivia,Qiyana,737.0
Anivia,Annie,733.0
Anivia,Azir,660.0
Anivia,Taliyah,603.0
Anivia,Vel'Koz,519.0
Anivia,Swain,406.0
Anivia,Brand,402.0
Anivia,Cassiopeia,401.0
Anivia,Smolder,326.0
Anivia,Sion,319.0
Anivia,Ziggs,314.0
Anivia,Kayle,252.0
Anivia,Cho'Gath,241.0
Anivia,Pantheon,231.0
Anivia,Morgana,220.0
Anivia,Jayce,197.0
Anivia,Kog'Maw,196.0
Anivia,Nasus,181.0
Anivia,Malphite,180.0
Akali,Ahri,10824.0
Akali,Yasuo,9295.0
Akali,Sylas,7233.0
Akali,Zed,6318.0
Akali,Katarina,6061.0
Akali,Yone,5782.0
Akali,Galio,5302.0
Akali,Viktor,5144.0
Akali,Malzahar,4890.0
Akali,Twisted Fate,4775.0
Akali,Mel,4142.0
Akali,Veigar,3595.0
Akali,LeBlanc,3532.0
Akali,Fizz,3529.0
Akali,Vex,3219.0
Akali,Diana,3212.0
Akali,Orianna,3182.0
Akali,Xerath,3151.0
Akali,Ryze,2977.0
Akali,Lux,2914.0
Akali,Syndra,2858.0
Akali,Lissandra,2799.0
Akali,Aurora,2626.0
Akali,Zoe,2415.0
Akali,Irelia,2412.0
Akali,Ekko,2292.0
Akali,Hwei,2276.0
Akali,Vladimir,2153.0
Akali,Kassadin,2150.0
Akali,Akshan,2047.0
Akali,Aurelion Sol,2042.0
Akali,Anivia,2027.0
Akali,Naafiri,1967.0
Akali,Annie,1941.0
Akali,Qiyana,1932.0
Akali,Talon,1728.0
Akali,Azir,1274.0
Akali,Taliyah,1202.0
Akali,Pantheon,987.0
Akali,Vel'Koz,806.0
Akali,Brand,803.0
Akali,Swain,763.0
Akali,Sion,691.0
Akali,Cassiopeia,652.0
Akali,Smolder,637.0
Akali,Ziggs,544.0
Akali,Malphite,523.0
Akali,Jayce,514.0
Akali,Cho'Gath,490.0
Akali,Nasus,394.0
Akali,Kayle,390.0
Akali,Morgana,379.0
Akali,Kog'Maw,360.0
Vex,Ahri,5643.0
Vex,Yasuo,4767.0
Vex,Katarina,3331.0
Vex,LeBlanc,3244.0
Vex,Akali,3219.0
Vex,Sylas,2616.0
Vex,Zed,2564.0
Vex,Yone,2432.0
Vex,Viktor,2373.0
Vex,Malzahar,2006.0
Vex,Xerath,1879.0
Vex,Mel,1772.0
Vex,Veigar,1687.0
Vex,Syndra,1640.0
Vex,Fizz,1625.0
Vex,Diana,1481.0
Vex,Lux,1406.0
Vex,Twisted Fate,1399.0
Vex,Orianna,1249.0
Vex,Aurora,1194.0
Vex,Irelia,1185.0
Vex,Hwei,1089.0
Vex,Zoe,1060.0
Vex,Ekko,1058.0
Vex,Ryze,991.0
Vex,Naafiri,977.0
Vex,Galio,961.0
Vex,Akshan,957.0
Vex,Kassadin,940.0
Vex,Lissandra,925.0
Vex,Anivia,889.0
Vex,Qiyana,874.0
Vex,Aurelion Sol,862.0
Vex,Annie,840.0
Vex,Vladimir,786.0
Vex,Talon,749.0
Vex,Azir,497.0
Vex,Taliyah,489.0
Vex,Vel'Koz,369.0
Vex,Brand,356.0
Vex,Cassiopeia,304.0
Vex,Smolder,289.0
Vex,Swain,273.0
Vex,Sion,235.0
Vex,Ziggs,232.0
Vex,Pantheon,217.0
Vex,Malphite,205.0
Vex,Cho'Gath,177.0
Vex,Jayce,170.0
Vex,Kog'Maw,162.0
Vex,Nasus,158.0
Vex,Kayle,155.0
Vex,Morgana,155.0
Aurelion Sol,Ahri,4904.0
Aurelion Sol,Yasuo,3544.0
Aurelion Sol,Malzahar,3473.0
Aurelion Sol,Viktor,2849.0
Aurelion Sol,Mel,2835.0
Aurelion Sol,Yone,2535.0
Aurelion Sol,Katarina,2378.0
Aurelion Sol,Veigar,2326.0
Aurelion Sol,Sylas,2179.0
Aurelion Sol,Akali,2042.0
Aurelion Sol,Twisted Fate,1927.0
Aurelion Sol,Zed,1893.0
Aurelion Sol,Syndra,1887.0
Aurelion Sol,Xerath,1867.0
Aurelion Sol,Fizz,1759.0
Aurelion Sol,Ryze,1664.0
Aurelion Sol,Lux,1623.0
Aurelion Sol,Orianna,1528.0
Aurelion Sol,Anivia,1464.0
Aurelion Sol,Diana,1436.0
Aurelion Sol,Hwei,1335.0
Aurelion Sol,LeBlanc,1308.0
Aurelion Sol,Ekko,1288.0
Aurelion Sol,Aurora,1257.0
Aurelion Sol,Kassadin,1249.0
Aurelion Sol,Vladimir,1117.0
Aurelion Sol,Zoe,1114.0
Aurelion Sol,Galio,1101.0
Aurelion Sol,Lissandra,999.0
Aurelion Sol,Akshan,995.0
Aurelion Sol,Naafiri,903.0
Aurelion Sol,Irelia,890.0
Aurelion Sol,Vex,862.0
Aurelion Sol,Annie,764.0
Aurelion Sol,Qiyana,724.0
Aurelion Sol,Azir,723.0
Aurelion Sol,Talon,617.0
Aurelion Sol,Taliyah,578.0
Aurelion Sol,Vel'Koz,513.0
Aurelion Sol,Brand,470.0
Aurelion Sol,Smolder,460.0
Aurelion Sol,Cassiopeia,447.0
Aurelion Sol,Swain,399.0
Aurelion Sol,Sion,360.0
Aurelion Sol,Ziggs,359.0
Aurelion Sol,Cho'Gath,278.0
Aurelion Sol,Nasus,271.0
Aurelion Sol,Kayle,261.0
Aurelion Sol,Kog'Maw,238.0
Aurelion Sol,Jayce,206.0
Aurelion Sol,Malphite,202.0
Aurelion Sol,Morgana,199.0
Aurelion Sol,Pantheon,197.0
Twisted Fate,Ahri,9059.0
Twisted Fate,Sylas,5011.0
Twisted Fate,Malzahar,4864.0
Twisted Fate,Akali,4775.0
Twisted Fate,Viktor,4526.0
Twisted Fate,Yasuo,4061.0
Twisted Fate,Mel,4028.0
Twisted Fate,Zed,3619.0
Twisted Fate,Xerath,3475.0
Twisted Fate,Katarina,3464.0
Twisted Fate,Yone,3414.0
Twisted Fate,Ryze,2700.0
Twisted Fate,Galio,2625.0
Twisted Fate,Orianna,2618.0
Twisted Fate,Fizz,2576.0
Twisted Fate,LeBlanc,2537.0
Twisted Fate,Syndra,2502.0
Twisted Fate,Veigar,2440.0
Twisted Fate,Aurora,2205.0
Twisted Fate,Lux,2096.0
Twisted Fate,Zoe,2064.0
Twisted Fate,Diana,2028.0
Twisted Fate,Hwei,1996.0
Twisted Fate,Aurelion Sol,1927.0
Twisted Fate,Anivia,1864.0
Twisted Fate,Kassadin,1667.0
Twisted Fate,Ekko,1585.0
Twisted Fate,Akshan,1499.0
Twisted Fate,Naafiri,1438.0
Twisted Fate,Lissandra,1419.0
Twisted Fate,Vex,1399.0
Twisted Fate,Irelia,1387.0
Twisted Fate,Talon,1256.0
Twisted Fate,Qiyana,1256.0
Twisted Fate,Vladimir,1225.0
Twisted Fate,Annie,1152.0
Twisted Fate,Taliyah,1128.0
Twisted Fate,Azir,972.0
Twisted Fate,Vel'Koz,623.0
Twisted Fate,Brand,594.0
Twisted Fate,Smolder,593.0
Twisted Fate,Cassiopeia,564.0
Twisted Fate,Swain,530.0
Twisted Fate,Sion,494.0
Twisted Fate,Ziggs,484.0
Twisted Fate,Jayce,395.0
Twisted Fate,Pantheon,367.0
Twisted Fate,Malphite,333.0
Twisted Fate,Kayle,304.0
Twisted Fate,Morgana,286.0
Twisted Fate,Cho'Gath,283.0
Twisted Fate,Kog'Maw,270.0
Twisted Fate,Nasus,233.0
Mel,Ahri,16227.0
Mel,Yasuo,6239.0
Mel,Viktor,6185.0
Mel,Xerath,6156.0
Mel,Malzahar,5814.0
Mel,Zed,4192.0
Mel,Katarina,4151.0
Mel,Akali,4142.0
Mel,Yone,4121.0
Mel,Sylas,4058.0
Mel,Twisted Fate,4028.0
Mel,Syndra,3944.0
Mel,Fizz,3822.0
Mel,Veigar,3770.0
Mel,Lux,3485.0
Mel,Orianna,3342.0
Mel,Zoe,3021.0
Mel,Aurelion Sol,2835.0
Mel,Diana,2759.0
Mel,LeBlanc,2650.0
Mel,Hwei,2543.0
Mel,Anivia,2408.0
Mel,Ryze,2386.0
Mel,Galio,2282.0
Mel,Aurora,2260.0
Mel,Ekko,2180.0
Mel,Kassadin,2007.0
Mel,Irelia,1994.0
Mel,Akshan,1925.0
Mel,Vladimir,1908.0
Mel,Naafiri,1835.0
Mel,Vex,1772.0
Mel,Lissandra,1720.0
Mel,Annie,1396.0
Mel,Qiyana,1284.0
Mel,Azir,1176.0
Mel,Taliyah,1092.0
Mel,Talon,1036.0
Mel,Brand,993.0
Mel,Vel'Koz,892.0
Mel,Ziggs,794.0
Mel,Smolder,709.0
Mel,Cassiopeia,671.0
Mel,Sion,635.0
Mel,Swain,543.0
Mel,Morgana,435.0
Mel,Cho'Gath,435.0
Mel,Pantheon,432.0
Mel,Jayce,419.0
Mel,Kayle,413.0
Mel,Nasus,364.0
Mel,Kog'Maw,359.0
Mel,Malphite,353.0
Naafiri,Ahri,4170.0
Naafiri,Yasuo,2531.0
Naafiri,Malzahar,2188.0
Naafiri,Zed,2116.0
Naafiri,Viktor,2021.0
Naafiri,Katarina,1972.0
Naafiri,Akali,1967.0
Naafiri,Sylas,1935.0
Naafiri,Mel,1835.0
Naafiri,Yone,1805.0
Naafiri,Xerath,1599.0
Naafiri,Veigar,1518.0
Naafiri,LeBlanc,1499.0
Naafiri,Fizz,1494.0
Naafiri,Twisted Fate,1438.0
Naafiri,Syndra,1387.0
Naafiri,Lux,1356.0
Naafiri,Diana,1253.0
Naafiri,Orianna,1173.0
Naafiri,Galio,1166.0
Naafiri,Ryze,1107.0
Naafiri,Zoe,1089.0
Naafiri,Kassadin,1054.0
Naafiri,Aurora,1049.0
Naafiri,Lissandra,1033.0
Naafiri,Vex,977.0
Naafiri,Hwei,966.0
Naafiri,Anivia,937.0
Naafiri,Aurelion Sol,903.0
Naafiri,Ekko,871.0
Naafiri,Irelia,839.0
Naafiri,Vladimir,833.0
Naafiri,Akshan,771.0
Naafiri,Qiyana,624.0
Naafiri,Annie,602.0
Naafiri,Talon,584.0
Naafiri,Taliyah,514.0
Naafiri,Azir,496.0
Naafiri,Malphite,400.0
Naafiri,Swain,376.0
Naafiri,Brand,327.0
Naafiri,Vel'Koz,323.0
Naafiri,Smolder,316.0
Naafiri,Cassiopeia,290.0
Naafiri,Sion,286.0
Naafiri,Ziggs,270.0
Naafiri,Pantheon,255.0
Naafiri,Nasus,195.0
Naafiri,Cho'Gath,194.0
Naafiri,Kayle,184.0
Naafiri,Jayce,162.0
Naafiri,Morgana,159.0
Naafiri,Kog'Maw,152.0
Annie,Ahri,5391.0
Annie,Yasuo,3091.0
Annie,Katarina,2035.0
Annie,Akali,1941.0
Annie,Yone,1836.0
Annie,Viktor,1726.0
Annie,Zed,1718.0
Annie,Malzahar,1547.0
Annie,Mel,1396.0
Annie,Syndra,1395.0
Annie,Sylas,1388.0
Annie,Xerath,1332.0
Annie,Veigar,1220.0
Annie,Lux,1185.0
Annie,Fizz,1169.0
Annie,Twisted Fate,1152.0
Annie,Zoe,1118.0
Annie,Galio,1096.0
Annie,LeBlanc,1059.0
Annie,Akshan,1051.0
Annie,Orianna,1029.0
Annie,Diana,970.0
Annie,Ryze,957.0
Annie,Aurora,907.0
Annie,Hwei,871.0
Annie,Vex,840.0
Annie,Ekko,777.0
Annie,Aurelion Sol,764.0
Annie,Anivia,733.0
Annie,Kassadin,729.0
Annie,Vladimir,696.0
Annie,Irelia,621.0
Annie,Lissandra,605.0
Annie,Naafiri,602.0
Annie,Qiyana,566.0
Annie,Talon,469.0
Annie,Azir,388.0
Annie,Taliyah,372.0
Annie,Vel'Koz,285.0
Annie,Brand,236.0
Annie,Cassiopeia,229.0
Annie,Smolder,226.0
Annie,Swain,224.0
Annie,Ziggs,197.0
Annie,Sion,186.0
Annie,Cho'Gath,146.0
Annie,Kayle,143.0
Annie,Malphite,142.0
Annie,Pantheon,139.0
Annie,Morgana,134.0
Annie,Jayce,120.0
Annie,Nasus,116.0
Annie,Kog'Maw,116.0
Sylas,Ahri,17164.0
Sylas,Akali,7233.0
Sylas,Yasuo,6985.0
Sylas,Zed,6009.0
Sylas,Viktor,5474.0
Sylas,Yone,5099.0
Sylas,Twisted Fate,5011.0
Sylas,Katarina,4876.0
Sylas,Malzahar,4245.0
Sylas,Mel,4058.0
Sylas,Diana,3637.0
Sylas,Fizz,3597.0
Sylas,Galio,3460.0
Sylas,Orianna,3441.0
Sylas,Xerath,3428.0
Sylas,Veigar,3412.0
Sylas,Ryze,3307.0
Sylas,LeBlanc,3085.0
Sylas,Ekko,3056.0
Sylas,Syndra,2906.0
Sylas,Lux,2758.0
Sylas,Aurora,2665.0
Sylas,Vex,2616.0
Sylas,Lissandra,2380.0
Sylas,Zoe,2363.0
Sylas,Hwei,2248.0
Sylas,Aurelion Sol,2179.0
Sylas,Anivia,2142.0
Sylas,Kassadin,1939.0
Sylas,Irelia,1939.0
Sylas,Naafiri,1935.0
Sylas,Vladimir,1868.0
Sylas,Qiyana,1682.0
Sylas,Talon,1541.0
Sylas,Akshan,1451.0
Sylas,Annie,1388.0
Sylas,Taliyah,1319.0
Sylas,Azir,1277.0
Sylas,Cassiopeia,1151.0
Sylas,Malphite,1093.0
Sylas,Swain,1052.0
Sylas,Vel'Koz,740.0
Sylas,Smolder,727.0
Sylas,Pantheon,688.0
Sylas,Brand,680.0
Sylas,Sion,585.0
Sylas,Ziggs,574.0
Sylas,Jayce,539.0
Sylas,Cho'Gath,524.0
Sylas,Kayle,488.0
Sylas,Nasus,373.0
Sylas,Morgana,358.0
Sylas,Kog'Maw,326.0
Zoe,Ahri,6634.0
Zoe,Yasuo,3217.0
Zoe,Mel,3021.0
Zoe,Zed,2991.0
Zoe,Viktor,2932.0
Zoe,Malzahar,2793.0
Zoe,Katarina,2596.0
Zoe,Akali,2415.0
Zoe,Sylas,2363.0
Zoe,Xerath,2134.0
Zoe,Yone,2129.0
Zoe,Twisted Fate,2064.0
Zoe,Syndra,2025.0
Zoe,Fizz,1904.0
Zoe,Lux,1886.0
Zoe,LeBlanc,1842.0
Zoe,Veigar,1732.0
Zoe,Orianna,1615.0
Zoe,Aurora,1587.0
Zoe,Galio,1371.0
Zoe,Diana,1371.0
Zoe,Ryze,1264.0
Zoe,Hwei,1253.0
Zoe,Anivia,1243.0
Zoe,Ekko,1168.0
Zoe,Annie,1118.0
Zoe,Aurelion Sol,1114.0
Zoe,Naafiri,1089.0
Zoe,Kassadin,1076.0
Zoe,Vex,1060.0
Zoe,Akshan,1055.0
Zoe,Vladimir,981.0
Zoe,Irelia,931.0
Zoe,Lissandra,931.0
Zoe,Qiyana,794.0
Zoe,Talon,761.0
Zoe,Taliyah,622.0
Zoe,Azir,613.0
Zoe,Vel'Koz,468.0
Zoe,Morgana,380.0
Zoe,Brand,365.0
Zoe,Ziggs,340.0
Zoe,Cassiopeia,331.0
Zoe,Sion,305.0
Zoe,Swain,303.0
Zoe,Smolder,283.0
Zoe,Jayce,268.0
Zoe,Kog'Maw,241.0
Zoe,Kayle,222.0
Zoe,Pantheon,215.0
Zoe,Malphite,201.0
Zoe,Cho'Gath,175.0
Zoe,Nasus,159.0
Syndra,Ahri,9739.0
Syndra,Viktor,5047.0
Syndra,Xerath,4252.0
Syndra,Yasuo,4063.0
Syndra,Malzahar,3945.0
Syndra,Mel,3944.0
Syndra,Katarina,3577.0
Syndra,Fizz,3354.0
Syndra,Zed,3126.0
Syndra,Veigar,3032.0
Syndra,Orianna,3020.0
Syndra,Sylas,2906.0
Syndra,Akali,2858.0
Syndra,Lux,2857.0
Syndra,Yone,2776.0
Syndra,Twisted Fate,2502.0
Syndra,Ryze,2240.0
Syndra,LeBlanc,2203.0
Syndra,Aurora,2196.0
Syndra,Hwei,2132.0
Syndra,Zoe,2025.0
Syndra,Galio,1951.0
Syndra,Anivia,1941.0
Syndra,Diana,1922.0
Syndra,Aurelion Sol,1887.0
Syndra,Ekko,1801.0
Syndra,Vex,1640.0
Syndra,Kassadin,1614.0
Syndra,Akshan,1584.0
Syndra,Lissandra,1543.0
Syndra,Annie,1395.0
Syndra,Naafiri,1387.0
Syndra,Vladimir,1344.0
Syndra,Irelia,1320.0
Syndra,Qiyana,982.0
Syndra,Taliyah,971.0
Syndra,Azir,954.0
Syndra,Talon,862.0
Syndra,Vel'Koz,835.0
Syndra,Cassiopeia,784.0
Syndra,Ziggs,614.0
Syndra,Brand,601.0
Syndra,Smolder,553.0
Syndra,Swain,461.0
Syndra,Sion,434.0
Syndra,Kog'Maw,419.0
Syndra,Kayle,399.0
Syndra,Cho'Gath,336.0
Syndra,Pantheon,317.0
Syndra,Malphite,309.0
Syndra,Morgana,303.0
Syndra,Jayce,295.0
Syndra,Nasus,259.0
Hwei,Ahri,5712.0
Hwei,Viktor,3513.0
Hwei,Malzahar,2999.0
Hwei,Xerath,2958.0
Hwei,Yasuo,2897.0
Hwei,Mel,2543.0
Hwei,Zed,2305.0
Hwei,Katarina,2281.0
Hwei,Akali,2276.0
Hwei,Sylas,2248.0
Hwei,Syndra,2132.0
Hwei,Veigar,2037.0
Hwei,Twisted Fate,1996.0
Hwei,Yone,1976.0
Hwei,Lux,1923.0
Hwei,Orianna,1763.0
Hwei,Fizz,1653.0
Hwei,Ryze,1525.0
Hwei,Diana,1520.0
Hwei,Anivia,1472.0
Hwei,Galio,1456.0
Hwei,Aurora,1374.0
Hwei,LeBlanc,1349.0
Hwei,Aurelion Sol,1335.0
Hwei,Zoe,1253.0
Hwei,Ekko,1210.0
Hwei,Vex,1089.0
Hwei,Vladimir,1029.0
Hwei,Lissandra,1028.0
Hwei,Kassadin,994.0
Hwei,Akshan,980.0
Hwei,Naafiri,966.0
Hwei,Irelia,925.0
Hwei,Annie,871.0
Hwei,Qiyana,762.0
Hwei,Talon,710.0
Hwei,Taliyah,704.0
Hwei,Azir,696.0
Hwei,Vel'Koz,469.0
Hwei,Swain,417.0
Hwei,Brand,405.0
Hwei,Ziggs,392.0
Hwei,Cassiopeia,388.0
Hwei,Sion,338.0
Hwei,Smolder,312.0
Hwei,Nasus,255.0
Hwei,Cho'Gath,254.0
Hwei,Malphite,236.0
Hwei,Jayce,233.0
Hwei,Pantheon,228.0
Hwei,Kayle,224.0
Hwei,Kog'Maw,224.0
Hwei,Morgana,207.0
LeBlanc,Ahri,8499.0
LeBlanc,Yasuo,4024.0
LeBlanc,Malzahar,3940.0
LeBlanc,Zed,3923.0
LeBlanc,Viktor,3641.0
LeBlanc,Akali,3532.0
LeBlanc,Katarina,3314.0
LeBlanc,Vex,3244.0
LeBlanc,Sylas,3085.0
LeBlanc,Xerath,2875.0
LeBlanc,Mel,2650.0
LeBlanc,Twisted Fate,2537.0
LeBlanc,Yone,2511.0
LeBlanc,Fizz,2449.0
LeBlanc,Galio,2301.0
LeBlanc,Lux,2250.0
LeBlanc,Syndra,2203.0
LeBlanc,Veigar,2167.0
LeBlanc,Diana,2156.0
LeBlanc,Orianna,2146.0
LeBlanc,Lissandra,1955.0
LeBlanc,Aurora,1858.0
LeBlanc,Zoe,1842.0
LeBlanc,Ryze,1746.0
LeBlanc,Naafiri,1499.0
LeBlanc,Anivia,1416.0
LeBlanc,Kassadin,1414.0
LeBlanc,Ekko,1373.0
LeBlanc,Hwei,1349.0
LeBlanc,Aurelion Sol,1308.0
LeBlanc,Akshan,1286.0
LeBlanc,Vladimir,1225.0
LeBlanc,Irelia,1199.0
LeBlanc,Annie,1059.0
LeBlanc,Qiyana,969.0
LeBlanc,Azir,943.0
LeBlanc,Talon,802.0
LeBlanc,Taliyah,754.0
LeBlanc,Vel'Koz,538.0
LeBlanc,Brand,458.0
LeBlanc,Sion,440.0
LeBlanc,Smolder,438.0
LeBlanc,Ziggs,419.0
LeBlanc,Cassiopeia,388.0
LeBlanc,Swain,329.0
LeBlanc,Malphite,294.0
LeBlanc,Pantheon,284.0
LeBlanc,Jayce,275.0
LeBlanc,Kog'Maw,273.0
LeBlanc,Cho'Gath,253.0
LeBlanc,Morgana,240.0
LeBlanc,Kayle,235.0
LeBlanc,Nasus,193.0
Yone,Yasuo,9859.0
Yone,Ahri,9448.0
Yone,Akali,5782.0
Yone,Viktor,5180.0
Yone,Sylas,5099.0
Yone,Malzahar,4632.0
Yone,Zed,4504.0
Yone,Katarina,4494.0
Yone,Mel,4121.0
Yone,Twisted Fate,3414.0
Yone,Xerath,3284.0
Yone,Galio,3122.0
Yone,Veigar,2996.0
Yone,Fizz,2980.0
Yone,Kassadin,2966.0
Yone,Ryze,2951.0
Yone,Lux,2866.0
Yone,Syndra,2776.0
Yone,Diana,2730.0
Yone,Orianna,2632.0
Yone,Aurelion Sol,2535.0
Yone,LeBlanc,2511.0
Yone,Vex,2432.0
Yone,Aurora,2385.0
Yone,Anivia,2170.0
Yone,Zoe,2129.0
Yone,Ekko,2117.0
Yone,Irelia,1998.0
Yone,Lissandra,1997.0
Yone,Hwei,1976.0
Yone,Vladimir,1965.0
Yone,Annie,1836.0
Yone,Naafiri,1805.0
Yone,Akshan,1764.0
Yone,Azir,1435.0
Yone,Qiyana,1293.0
Yone,Talon,1222.0
Yone,Taliyah,1110.0
Yone,Malphite,857.0
Yone,Cassiopeia,765.0
Yone,Vel'Koz,749.0
Yone,Brand,746.0
Yone,Pantheon,742.0
Yone,Smolder,742.0
Yone,Swain,642.0
Yone,Ziggs,586.0
Yone,Sion,545.0
Yone,Jayce,489.0
Yone,Cho'Gath,471.0
Yone,Nasus,435.0
Yone,Kayle,377.0
Yone,Kog'Maw,370.0
Yone,Morgana,349.0
Ekko,Ahri,4972.0
Ekko,Yasuo,3506.0
Ekko,Zed,3360.0
Ekko,Sylas,3056.0
Ekko,Malzahar,3021.0
Ekko,Katarina,2684.0
Ekko,Viktor,2544.0
Ekko,Akali,2292.0
Ekko,Mel,2180.0
Ekko,Yone,2117.0
Ekko,Veigar,2076.0
Ekko,Fizz,1975.0
Ekko,Xerath,1925.0
Ekko,Syndra,1801.0
Ekko,Diana,1593.0
Ekko,Twisted Fate,1585.0
Ekko,Lux,1584.0
Ekko,Ryze,1523.0
Ekko,Galio,1462.0
Ekko,Orianna,1451.0
Ekko,LeBlanc,1373.0
Ekko,Aurelion Sol,1288.0
Ekko,Hwei,1210.0
Ekko,Kassadin,1186.0
Ekko,Anivia,1172.0
Ekko,Zoe,1168.0
Ekko,Aurora,1133.0
Ekko,Lissandra,1101.0
Ekko,Vex,1058.0
Ekko,Vladimir,1043.0
Ekko,Akshan,985.0
Ekko,Irelia,889.0
Ekko,Naafiri,871.0
Ekko,Qiyana,822.0
Ekko,Annie,777.0
Ekko,Talon,654.0
Ekko,Azir,590.0
Ekko,Taliyah,570.0
Ekko,Vel'Koz,485.0
Ekko,Brand,406.0
Ekko,Cassiopeia,388.0
Ekko,Smolder,360.0
Ekko,Swain,325.0
Ekko,Ziggs,290.0
Ekko,Pantheon,286.0
Ekko,Sion,274.0
Ekko,Kayle,256.0
Ekko,Cho'Gath,250.0
Ekko,Kog'Maw,240.0
Ekko,Malphite,227.0
Ekko,Jayce,201.0
Ekko,Morgana,192.0
Ekko,Nasus,187.0
Lissandra,Ahri,5244.0
Lissandra,Yasuo,4864.0
Lissandra,Zed,3933.0
Lissandra,Katarina,3238.0
Lissandra,Akali,2799.0
Lissandra,Fizz,2393.0
Lissandra,Sylas,2380.0
Lissandra,Viktor,2297.0
Lissandra,Malzahar,2258.0
Lissandra,Yone,1997.0
Lissandra,Xerath,1983.0
Lissandra,LeBlanc,1955.0
Lissandra,Mel,1720.0
Lissandra,Veigar,1677.0
Lissandra,Syndra,1543.0
Lissandra,Lux,1439.0
Lissandra,Twisted Fate,1419.0
Lissandra,Diana,1299.0
Lissandra,Orianna,1270.0
Lissandra,Galio,1151.0
Lissandra,Ryze,1140.0
Lissandra,Ekko,1101.0
Lissandra,Naafiri,1033.0
Lissandra,Hwei,1028.0
Lissandra,Irelia,1021.0
Lissandra,Aurelion Sol,999.0
Lissandra,Anivia,984.0
Lissandra,Aurora,960.0
Lissandra,Vladimir,955.0
Lissandra,Zoe,931.0
Lissandra,Kassadin,930.0
Lissandra,Vex,925.0
Lissandra,Akshan,824.0
Lissandra,Qiyana,790.0
Lissandra,Talon,661.0
Lissandra,Annie,605.0
Lissandra,Azir,486.0
Lissandra,Taliyah,450.0
Lissandra,Vel'Koz,353.0
Lissandra,Brand,333.0
Lissandra,Smolder,326.0
Lissandra,Cassiopeia,305.0
Lissandra,Swain,273.0
Lissandra,Ziggs,264.0
Lissandra,Malphite,228.0
Lissandra,Pantheon,223.0
Lissandra,Sion,221.0
Lissandra,Kayle,198.0
Lissandra,Morgana,179.0
Lissandra,Cho'Gath,176.0
Lissandra,Jayce,161.0
Lissandra,Kog'Maw,150.0
Lissandra,Nasus,149.0
Irelia,Ahri,4234.0
Irelia,Yasuo,3387.0
Irelia,Zed,2881.0
Irelia,Akali,2412.0
Irelia,Malzahar,2398.0
Irelia,Katarina,2384.0
Irelia,Viktor,2347.0
Irelia,Yone,1998.0
Irelia,Mel,1994.0
Irelia,Sylas,1939.0
Irelia,Xerath,1539.0
Irelia,Twisted Fate,1387.0
Irelia,Veigar,1342.0
Irelia,Fizz,1327.0
Irelia,Syndra,1320.0
Irelia,Orianna,1292.0
Irelia,Lux,1255.0
Irelia,Diana,1250.0
Irelia,LeBlanc,1199.0
Irelia,Vex,1185.0
Irelia,Ryze,1163.0
Irelia,Anivia,1060.0
Irelia,Lissandra,1021.0
Irelia,Vladimir,1017.0
Irelia,Galio,1016.0
Irelia,Aurora,978.0
Irelia,Kassadin,969.0
Irelia,Zoe,931.0
Irelia,Hwei,925.0
Irelia,Aurelion Sol,890.0
Irelia,Ekko,889.0
Irelia,Akshan,883.0
Irelia,Naafiri,839.0
Irelia,Annie,621.0
Irelia,Qiyana,613.0
Irelia,Talon,586.0
Irelia,Taliyah,514.0
Irelia,Azir,509.0
Irelia,Malphite,507.0
Irelia,Cassiopeia,436.0
Irelia,Vel'Koz,342.0
Irelia,Smolder,325.0
Irelia,Brand,313.0
Irelia,Pantheon,305.0
Irelia,Ziggs,261.0
Irelia,Swain,252.0
Irelia,Sion,204.0
Irelia,Nasus,190.0
Irelia,Jayce,184.0
Irelia,Cho'Gath,179.0
Irelia,Kog'Maw,172.0
Irelia,Kayle,158.0
Irelia,Morgana,147.0
Akshan,Ahri,4755.0
Akshan,Zed,2252.0
Akshan,Yasuo,2207.0
Akshan,Malzahar,2158.0
Akshan,Viktor,2131.0
Akshan,Akali,2047.0
Akshan,Katarina,2045.0
Akshan,Mel,1925.0
Akshan,Yone,1764.0
Akshan,Syndra,1584.0
Akshan,Twisted Fate,1499.0
Akshan,Veigar,1494.0
Akshan,Sylas,1451.0
Akshan,Xerath,1397.0
Akshan,Lux,1342.0
Akshan,LeBlanc,1286.0
Akshan,Orianna,1269.0
Akshan,Diana,1240.0
Akshan,Fizz,1215.0
Akshan,Ryze,1133.0
Akshan,Aurora,1096.0
Akshan,Zoe,1055.0
Akshan,Annie,1051.0
Akshan,Vladimir,1042.0
Akshan,Aurelion Sol,995.0
Akshan,Ekko,985.0
Akshan,Anivia,984.0
Akshan,Hwei,980.0
Akshan,Vex,957.0
Akshan,Kassadin,911.0
Akshan,Irelia,883.0
Akshan,Malphite,864.0
Akshan,Lissandra,824.0
Akshan,Galio,797.0
Akshan,Naafiri,771.0
Akshan,Qiyana,689.0
Akshan,Talon,555.0
Akshan,Taliyah,538.0
Akshan,Azir,497.0
Akshan,Cassiopeia,418.0
Akshan,Vel'Koz,399.0
Akshan,Brand,322.0
Akshan,Pantheon,314.0
Akshan,Swain,293.0
Akshan,Smolder,278.0
Akshan,Sion,274.0
Akshan,Ziggs,255.0
Akshan,Jayce,217.0
Akshan,Kog'Maw,213.0
Akshan,Kayle,197.0
Akshan,Cho'Gath,186.0
Akshan,Nasus,142.0
Akshan,Morgana,119.0
Sion,Malzahar,1483.0
Sion,Ahri,1248.0
Sion,Zed,991.0
Sion,Yasuo,809.0
Sion,Viktor,713.0
Sion,Akali,691.0
Sion,Mel,635.0
Sion,Katarina,597.0
Sion,Fizz,592.0
Sion,Sylas,585.0
Sion,Yone,545.0
Sion,Twisted Fate,494.0
Sion,LeBlanc,440.0
Sion,Syndra,434.0
Sion,Xerath,432.0
Sion,Veigar,423.0
Sion,Orianna,398.0
Sion,Ryze,387.0
Sion,Diana,371.0
Sion,Lux,360.0
Sion,Aurelion Sol,360.0
Sion,Aurora,360.0
Sion,Galio,358.0
Sion,Hwei,338.0
Sion,Anivia,319.0
Sion,Zoe,305.0
Sion,Naafiri,286.0
Sion,Qiyana,278.0
Sion,Akshan,274.0
Sion,Ekko,274.0
Sion,Vladimir,236.0
Sion,Kassadin,236.0
Sion,Vex,235.0
Sion,Lissandra,221.0
Sion,Talon,206.0
Sion,Irelia,204.0
Sion,Annie,186.0
Sion,Taliyah,175.0
Sion,Azir,174.0
Sion,Cassiopeia,151.0
Sion,Smolder,146.0
Sion,Brand,136.0
Sion,Vel'Koz,136.0
Sion,Swain,115.0
Sion,Pantheon,94.0
Sion,Malphite,86.0
Sion,Cho'Gath,78.0
Sion,Kayle,70.0
Sion,Nasus,67.0
Sion,Ziggs,67.0
Sion,Jayce,66.0
Sion,Kog'Maw,60.0
Sion,Morgana,51.0
Brand,Ahri,1842.0
Brand,Malzahar,1380.0
Brand,Yasuo,1145.0
Brand,Mel,993.0
Brand,Viktor,955.0
Brand,Akali,803.0
Brand,Veigar,799.0
Brand,Xerath,782.0
Brand,Katarina,769.0
Brand,Yone,746.0
Brand,Zed,726.0
Brand,Sylas,680.0
Brand,Lux,631.0
Brand,Fizz,622.0
Brand,Syndra,601.0
Brand,Twisted Fate,594.0
Brand,Orianna,488.0
Brand,Aurelion Sol,470.0
Brand,Diana,466.0
Brand,Galio,464.0
Brand,LeBlanc,458.0
Brand,Ryze,435.0
Brand,Vladimir,421.0
Brand,Aurora,409.0
Brand,Ekko,406.0
Brand,Hwei,405.0
Brand,Anivia,402.0
Brand,Zoe,365.0
Brand,Vex,356.0
Brand,Kassadin,352.0
Brand,Lissandra,333.0
Brand,Naafiri,327.0
Brand,Akshan,322.0
Brand,Irelia,313.0
Brand,Annie,236.0
Brand,Qiyana,218.0
Brand,Vel'Koz,202.0
Brand,Azir,202.0
Brand,Talon,201.0
Brand,Swain,183.0
Brand,Taliyah,163.0
Brand,Ziggs,149.0
Brand,Sion,136.0
Brand,Cassiopeia,132.0
Brand,Smolder,132.0
Brand,Cho'Gath,92.0
Brand,Malphite,87.0
Brand,Pantheon,87.0
Brand,Morgana,84.0
Brand,Nasus,80.0
Brand,Kog'Maw,71.0
Brand,Jayce,71.0
Brand,Kayle,68.0
Vladimir,Ahri,4485.0
Vladimir,Yasuo,4113.0
Vladimir,Zed,2912.0
Vladimir,Katarina,2901.0
Vladimir,Malzahar,2593.0
Vladimir,Viktor,2353.0
Vladimir,Akali,2153.0
Vladimir,Yone,1965.0
Vladimir,Fizz,1954.0
Vladimir,Mel,1908.0
Vladimir,Sylas,1868.0
Vladimir,Veigar,1795.0
Vladimir,Ryze,1410.0
Vladimir,Lux,1364.0
Vladimir,Syndra,1344.0
Vladimir,Orianna,1283.0
Vladimir,Xerath,1280.0
Vladimir,Kassadin,1270.0
Vladimir,Diana,1240.0
Vladimir,Twisted Fate,1225.0
Vladimir,LeBlanc,1225.0
Vladimir,Aurelion Sol,1117.0
Vladimir,Aurora,1074.0
Vladimir,Ekko,1043.0
Vladimir,Akshan,1042.0
Vladimir,Hwei,1029.0
Vladimir,Anivia,1020.0
Vladimir,Irelia,1017.0
Vladimir,Galio,1000.0
Vladimir,Zoe,981.0
Vladimir,Lissandra,955.0
Vladimir,Naafiri,833.0
Vladimir,Vex,786.0
Vladimir,Qiyana,717.0
Vladimir,Annie,696.0
Vladimir,Talon,645.0
Vladimir,Cassiopeia,544.0
Vladimir,Azir,526.0
Vladimir,Taliyah,444.0
Vladimir,Swain,436.0
Vladimir,Brand,421.0
Vladimir,Vel'Koz,369.0
Vladimir,Smolder,339.0
Vladimir,Ziggs,244.0
Vladimir,Pantheon,238.0
Vladimir,Sion,236.0
Vladimir,Kayle,221.0
Vladimir,Nasus,221.0
Vladimir,Kog'Maw,207.0
Vladimir,Cho'Gath,205.0
Vladimir,Malphite,196.0
Vladimir,Morgana,183.0
Vladimir,Jayce,169.0
Malphite,Zed,3022.0
Malphite,Yasuo,2229.0
Malphite,Sylas,1093.0
Malphite,Ahri,994.0
Malphite,Akshan,864.0
Malphite,Yone,857.0
Malphite,Katarina,785.0
Malphite,Akali,523.0
Malphite,Irelia,507.0
Malphite,Viktor,467.0
Malphite,Malzahar,460.0
Malphite,Qiyana,439.0
Malphite,Xerath,412.0
Malphite,Naafiri,400.0
Malphite,Veigar,391.0
Malphite,Fizz,360.0
Malphite,Mel,353.0
Malphite,Talon,351.0
Malphite,Twisted Fate,333.0
Malphite,Lux,318.0
Malphite,Syndra,309.0
Malphite,Diana,299.0
Malphite,LeBlanc,294.0
Malphite,Galio,243.0
Malphite,Aurora,242.0
Malphite,Ryze,240.0
Malphite,Hwei,236.0
Malphite,Orianna,228.0
Malphite,Lissandra,228.0
Malphite,Ekko,227.0
Malphite,Vex,205.0
Malphite,Aurelion Sol,202.0
Malphite,Zoe,201.0
Malphite,Vladimir,196.0
Malphite,Kassadin,184.0
Malphite,Anivia,180.0
Malphite,Annie,142.0
Malphite,Azir,113.0
Malphite,Pantheon,106.0
Malphite,Smolder,106.0
Malphite,Taliyah,99.0
Malphite,Swain,98.0
Malphite,Brand,87.0
Malphite,Sion,86.0
Malphite,Jayce,81.0
Malphite,Vel'Koz,81.0
Malphite,Ziggs,80.0
Malphite,Cho'Gath,68.0
Malphite,Cassiopeia,68.0
Malphite,Kayle,66.0
Malphite,Nasus,65.0
Malphite,Morgana,55.0
Malphite,Kog'Maw,38.0
Kassadin,Ahri,4861.0
Kassadin,Yasuo,3168.0
Kassadin,Katarina,3091.0
Kassadin,Yone,2966.0
Kassadin,Malzahar,2640.0
Kassadin,Viktor,2435.0
Kassadin,Veigar,2195.0
Kassadin,Akali,2150.0
Kassadin,Mel,2007.0
Kassadin,Sylas,1939.0
Kassadin,Fizz,1776.0
Kassadin,Zed,1724.0
Kassadin,Xerath,1668.0
Kassadin,Twisted Fate,1667.0
Kassadin,Syndra,1614.0
Kassadin,Lux,1436.0
Kassadin,LeBlanc,1414.0
Kassadin,Diana,1306.0
Kassadin,Ryze,1289.0
Kassadin,Anivia,1276.0
Kassadin,Vladimir,1270.0
Kassadin,Aurelion Sol,1249.0
Kassadin,Orianna,1203.0
Kassadin,Ekko,1186.0
Kassadin,Zoe,1076.0
Kassadin,Naafiri,1054.0
Kassadin,Galio,1041.0
Kassadin,Aurora,1023.0
Kassadin,Hwei,994.0
Kassadin,Irelia,969.0
Kassadin,Vex,940.0
Kassadin,Lissandra,930.0
Kassadin,Akshan,911.0
Kassadin,Talon,780.0
Kassadin,Qiyana,748.0
Kassadin,Annie,729.0
Kassadin,Pantheon,564.0
Kassadin,Taliyah,509.0
Kassadin,Smolder,507.0
Kassadin,Azir,492.0
Kassadin,Vel'Koz,469.0
Kassadin,Cassiopeia,414.0
Kassadin,Swain,404.0
Kassadin,Jayce,362.0
Kassadin,Brand,352.0
Kassadin,Ziggs,306.0
Kassadin,Kayle,304.0
Kassadin,Sion,236.0
Kassadin,Nasus,229.0
Kassadin,Kog'Maw,201.0
Kassadin,Malphite,184.0
Kassadin,Cho'Gath,183.0
Kassadin,Morgana,159.0
Talon,Ahri,3333.0
Talon,Yasuo,1999.0
Talon,Zed,1760.0
Talon,Akali,1728.0
Talon,Malzahar,1651.0
Talon,Katarina,1548.0
Talon,Sylas,1541.0
Talon,Viktor,1434.0
Talon,Twisted Fate,1256.0
Talon,Yone,1222.0
Talon,Mel,1036.0
Talon,Fizz,965.0
Talon,Diana,946.0
Talon,Xerath,921.0
Talon,Veigar,891.0
Talon,Syndra,862.0
Talon,Aurora,831.0
Talon,Ryze,828.0
Talon,Orianna,828.0
Talon,Galio,807.0
Talon,LeBlanc,802.0
Talon,Kassadin,780.0
Talon,Lux,765.0
Talon,Zoe,761.0
Talon,Vex,749.0
Talon,Anivia,742.0
Talon,Hwei,710.0
Talon,Lissandra,661.0
Talon,Ekko,654.0
Talon,Vladimir,645.0
Talon,Aurelion Sol,617.0
Talon,Irelia,586.0
Talon,Naafiri,584.0
Talon,Akshan,555.0
Talon,Qiyana,537.0
Talon,Annie,469.0
Talon,Malphite,351.0
Talon,Taliyah,342.0
Talon,Azir,342.0
Talon,Pantheon,261.0
Talon,Cassiopeia,238.0
Talon,Vel'Koz,223.0
Talon,Sion,206.0
Talon,Brand,201.0
Talon,Swain,182.0
Talon,Jayce,178.0
Talon,Ziggs,175.0
Talon,Smolder,158.0
Talon,Cho'Gath,130.0
Talon,Morgana,115.0
Talon,Nasus,112.0
Talon,Kayle,102.0
Talon,Kog'Maw,75.0
Swain,Ahri,1685.0
Swain,Yasuo,1057.0
Swain,Sylas,1052.0
Swain,Malzahar,894.0
Swain,Viktor,798.0
Swain,Akali,763.0
Swain,Yone,642.0
Swain,Zed,631.0
Swain,Katarina,629.0
Swain,Mel,543.0
Swain,Veigar,532.0
Swain,Twisted Fate,530.0
Swain,Xerath,524.0
Swain,Galio,508.0
Swain,Syndra,461.0
Swain,Lux,438.0
Swain,Vladimir,436.0
Swain,Fizz,418.0
Swain,Hwei,417.0
Swain,Diana,411.0
Swain,Orianna,407.0
Swain,Ryze,406.0
Swain,Anivia,406.0
Swain,Kassadin,404.0
Swain,Aurelion Sol,399.0
Swain,Naafiri,376.0
Swain,Aurora,347.0
Swain,LeBlanc,329.0
Swain,Ekko,325.0
Swain,Zoe,303.0
Swain,Akshan,293.0
Swain,Lissandra,273.0
Swain,Vex,273.0
Swain,Irelia,252.0
Swain,Annie,224.0
Swain,Azir,224.0
Swain,Qiyana,204.0
Swain,Brand,183.0
Swain,Talon,182.0
Swain,Vel'Koz,167.0
Swain,Taliyah,161.0
Swain,Cassiopeia,147.0
Swain,Sion,115.0
Swain,Smolder,100.0
Swain,Malphite,98.0
Swain,Ziggs,91.0
Swain,Cho'Gath,88.0
Swain,Pantheon,80.0
Swain,Nasus,76.0
Swain,Kayle,65.0
Swain,Kog'Maw,56.0
Swain,Jayce,55.0
Swain,Morgana,51.0
Galio,Ahri,6281.0
Galio,Akali,5302.0
Galio,Katarina,4701.0
Galio,Sylas,3460.0
Galio,Yasuo,3191.0
Galio,Yone,3122.0
Galio,Viktor,3018.0
Galio,Fizz,2978.0
Galio,Malzahar,2652.0
Galio,Twisted Fate,2625.0
Galio,Diana,2380.0
Galio,Zed,2351.0
Galio,LeBlanc,2301.0
Galio,Mel,2282.0
Galio,Syndra,1951.0
Galio,Xerath,1948.0
Galio,Aurora,1761.0
Galio,Orianna,1744.0
Galio,Veigar,1739.0
Galio,Ryze,1659.0
Galio,Ekko,1462.0
Galio,Hwei,1456.0
Galio,Lux,1438.0
Galio,Zoe,1371.0
Galio,Anivia,1193.0
Galio,Naafiri,1166.0
Galio,Lissandra,1151.0
Galio,Aurelion Sol,1101.0
Galio,Annie,1096.0
Galio,Smolder,1075.0
Galio,Kassadin,1041.0
Galio,Irelia,1016.0
Galio,Vladimir,1000.0
Galio,Vex,961.0
Galio,Talon,807.0
Galio,Akshan,797.0
Galio,Qiyana,763.0
Galio,Taliyah,734.0
Galio,Azir,613.0
Galio,Swain,508.0
Galio,Cassiopeia,480.0
Galio,Brand,464.0
Galio,Vel'Koz,446.0
Galio,Pantheon,394.0
Galio,Sion,358.0
Galio,Jayce,321.0
Galio,Ziggs,268.0
Galio,Malphite,243.0
Galio,Cho'Gath,232.0
Galio,Nasus,230.0
Galio,Kayle,220.0
Galio,Morgana,205.0
Galio,Kog'Maw,167.0
Vel'Koz,Ahri,2014.0
Vel'Koz,Viktor,1371.0
Vel'Koz,Yasuo,1108.0
Vel'Koz,Malzahar,1094.0
Vel'Koz,Xerath,1032.0
Vel'Koz,Zed,892.0
Vel'Koz,Mel,892.0
Vel'Koz,Katarina,840.0
Vel'Koz,Syndra,835.0
Vel'Koz,Veigar,825.0
Vel'Koz,Akali,806.0
Vel'Koz,Yone,749.0
Vel'Koz,Sylas,740.0
Vel'Koz,Lux,706.0
Vel'Koz,Fizz,697.0
Vel'Koz,Twisted Fate,623.0
Vel'Koz,Orianna,602.0
Vel'Koz,LeBlanc,538.0
Vel'Koz,Anivia,519.0
Vel'Koz,Aurora,517.0
Vel'Koz,Aurelion Sol,513.0
Vel'Koz,Ryze,492.0
Vel'Koz,Ekko,485.0
Vel'Koz,Diana,479.0
Vel'Koz,Kassadin,469.0
Vel'Koz,Hwei,469.0
Vel'Koz,Zoe,468.0
Vel'Koz,Galio,446.0
Vel'Koz,Akshan,399.0
Vel'Koz,Vladimir,369.0
Vel'Koz,Vex,369.0
Vel'Koz,Lissandra,353.0
Vel'Koz,Irelia,342.0
Vel'Koz,Naafiri,323.0
Vel'Koz,Annie,285.0
Vel'Koz,Qiyana,267.0
Vel'Koz,Azir,244.0
Vel'Koz,Taliyah,230.0
Vel'Koz,Talon,223.0
Vel'Koz,Brand,202.0
Vel'Koz,Swain,167.0
Vel'Koz,Ziggs,162.0
Vel'Koz,Cassiopeia,158.0
Vel'Koz,Sion,136.0
Vel'Koz,Smolder,135.0
Vel'Koz,Kayle,112.0
Vel'Koz,Kog'Maw,109.0
Vel'Koz,Cho'Gath,93.0
Vel'Koz,Malphite,81.0
Vel'Koz,Morgana,78.0
Vel'Koz,Jayce,71.0
Vel'Koz,Nasus,70.0
Vel'Koz,Pantheon,66.0
Pantheon,Yasuo,2101.0
Pantheon,Katarina,994.0
Pantheon,Akali,987.0
Pantheon,Ahri,905.0
Pantheon,Zed,883.0
Pantheon,Fizz,831.0
Pantheon,Yone,742.0
Pantheon,Sylas,688.0
Pantheon,Kassadin,564.0
Pantheon,Malzahar,455.0
Pantheon,Viktor,444.0
Pantheon,Mel,432.0
Pantheon,Galio,394.0
Pantheon,Diana,379.0
Pantheon,Twisted Fate,367.0
Pantheon,Veigar,319.0
Pantheon,Syndra,317.0
Pantheon,Ryze,316.0
Pantheon,Xerath,314.0
Pantheon,Akshan,314.0
Pantheon,Irelia,305.0
Pantheon,Ekko,286.0
Pantheon,LeBlanc,284.0
Pantheon,Lux,270.0
Pantheon,Orianna,267.0
Pantheon,Aurora,267.0
Pantheon,Talon,261.0
Pantheon,Naafiri,255.0
Pantheon,Vladimir,238.0
Pantheon,Qiyana,237.0
Pantheon,Anivia,231.0
Pantheon,Hwei,228.0
Pantheon,Lissandra,223.0
Pantheon,Vex,217.0
Pantheon,Zoe,215.0
Pantheon,Aurelion Sol,197.0
Pantheon,Annie,139.0
Pantheon,Taliyah,130.0
Pantheon,Malphite,106.0
Pantheon,Azir,102.0
Pantheon,Sion,94.0
Pantheon,Brand,87.0
Pantheon,Swain,80.0
Pantheon,Cassiopeia,71.0
Pantheon,Vel'Koz,66.0
Pantheon,Cho'Gath,64.0
Pantheon,Smolder,62.0
Pantheon,Nasus,56.0
Pantheon,Jayce,48.0
Pantheon,Ziggs,44.0
Pantheon,Kayle,43.0
Pantheon,Morgana,40.0
Pantheon,Kog'Maw,34.0
Aurora,Ahri,7030.0
Aurora,Yasuo,3287.0
Aurora,Viktor,3228.0
Aurora,Sylas,2665.0
Aurora,Akali,2626.0
Aurora,Zed,2490.0
Aurora,Yone,2385.0
Aurora,Malzahar,2337.0
Aurora,Mel,2260.0
Aurora,Katarina,2229.0
Aurora,Twisted Fate,2205.0
Aurora,Syndra,2196.0
Aurora,Xerath,2095.0
Aurora,Orianna,1922.0
Aurora,LeBlanc,1858.0
Aurora,Veigar,1835.0
Aurora,Galio,1761.0
Aurora,Ryze,1702.0
Aurora,Fizz,1596.0
Aurora,Lux,1594.0
Aurora,Zoe,1587.0
Aurora,Diana,1564.0
Aurora,Anivia,1414.0
Aurora,Hwei,1374.0
Aurora,Aurelion Sol,1257.0
Aurora,Vex,1194.0
Aurora,Ekko,1133.0
Aurora,Akshan,1096.0
Aurora,Vladimir,1074.0
Aurora,Naafiri,1049.0
Aurora,Kassadin,1023.0
Aurora,Irelia,978.0
Aurora,Lissandra,960.0
Aurora,Annie,907.0
Aurora,Qiyana,872.0
Aurora,Talon,831.0
Aurora,Taliyah,793.0
Aurora,Azir,693.0
Aurora,Vel'Koz,517.0
Aurora,Cassiopeia,431.0
Aurora,Brand,409.0
Aurora,Sion,360.0
Aurora,Swain,347.0
Aurora,Smolder,339.0
Aurora,Jayce,311.0
Aurora,Ziggs,304.0
Aurora,Cho'Gath,267.0
Aurora,Pantheon,267.0
Aurora,Kayle,256.0
Aurora,Malphite,242.0
Aurora,Kog'Maw,240.0
Aurora,Morgana,209.0
Aurora,Nasus,175.0
Nasus,Yasuo,827.0
Nasus,Ahri,724.0
Nasus,Zed,666.0
Nasus,Malzahar,494.0
Nasus,Viktor,482.0
Nasus,Yone,435.0
Nasus,Katarina,433.0
Nasus,Akali,394.0
Nasus,Veigar,383.0
Nasus,Sylas,373.0
Nasus,Mel,364.0
Nasus,Fizz,322.0
Nasus,Xerath,304.0
Nasus,Aurelion Sol,271.0
Nasus,Syndra,259.0
Nasus,Hwei,255.0
Nasus,Ryze,245.0
Nasus,Diana,244.0
Nasus,Twisted Fate,233.0
Nasus,Galio,230.0
Nasus,Kassadin,229.0
Nasus,Vladimir,221.0
Nasus,Orianna,213.0
Nasus,Lux,199.0
Nasus,Naafiri,195.0
Nasus,LeBlanc,193.0
Nasus,Irelia,190.0
Nasus,Ekko,187.0
Nasus,Anivia,181.0
Nasus,Aurora,175.0
Nasus,Zoe,159.0
Nasus,Vex,158.0
Nasus,Lissandra,149.0
Nasus,Akshan,142.0
Nasus,Annie,116.0
Nasus,Qiyana,114.0
Nasus,Talon,112.0
Nasus,Azir,90.0
Nasus,Cassiopeia,85.0
Nasus,Smolder,84.0
Nasus,Brand,80.0
Nasus,Taliyah,77.0
Nasus,Swain,76.0
Nasus,Vel'Koz,70.0
Nasus,Kayle,67.0
Nasus,Sion,67.0
Nasus,Malphite,65.0
Nasus,Pantheon,56.0
Nasus,Cho'Gath,50.0
Nasus,Ziggs,44.0
Nasus,Jayce,44.0
Nasus,Morgana,41.0
Qiyana,Ahri,3714.0
Qiyana,Yasuo,2282.0
Qiyana,Zed,2206.0
Qiyana,Akali,1932.0
Qiyana,Katarina,1887.0
Qiyana,Sylas,1682.0
Qiyana,Malzahar,1552.0
Qiyana,Viktor,1550.0
Qiyana,Yone,1293.0
Qiyana,Mel,1284.0
Qiyana,Twisted Fate,1256.0
Qiyana,Fizz,1233.0
Qiyana,Xerath,1107.0
Qiyana,Veigar,1098.0
Qiyana,Diana,1089.0
Qiyana,Lux,988.0
Qiyana,Orianna,983.0
Qiyana,Syndra,982.0
Qiyana,Ryze,980.0
Qiyana,LeBlanc,969.0
Qiyana,Vex,874.0
Qiyana,Aurora,872.0
Qiyana,Ekko,822.0
Qiyana,Zoe,794.0
Qiyana,Lissandra,790.0
Qiyana,Galio,763.0
Qiyana,Hwei,762.0
Qiyana,Kassadin,748.0
Qiyana,Anivia,737.0
Qiyana,Aurelion Sol,724.0
Qiyana,Vladimir,717.0
Qiyana,Akshan,689.0
Qiyana,Naafiri,624.0
Qiyana,Irelia,613.0
Qiyana,Annie,566.0
Qiyana,Talon,537.0
Qiyana,Taliyah,469.0
Qiyana,Malphite,439.0
Qiyana,Azir,366.0
Qiyana,Sion,278.0
Qiyana,Vel'Koz,267.0
Qiyana,Pantheon,237.0
Qiyana,Brand,218.0
Qiyana,Smolder,218.0
Qiyana,Cassiopeia,206.0
Qiyana,Swain,204.0
Qiyana,Ziggs,190.0
Qiyana,Jayce,162.0
Qiyana,Kayle,137.0
Qiyana,Cho'Gath,134.0
Qiyana,Kog'Maw,121.0
Qiyana,Nasus,114.0
Qiyana,Morgana,100.0
Morgana,Ahri,928.0
Morgana,Yasuo,645.0
Morgana,Malzahar,549.0
Morgana,Viktor,473.0
Morgana,Mel,435.0
Morgana,Zed,394.0
Morgana,Zoe,380.0
Morgana,Akali,379.0
Morgana,Sylas,358.0
Morgana,Katarina,352.0
Morgana,Yone,349.0
Morgana,Xerath,347.0
Morgana,Veigar,332.0
Morgana,Lux,329.0
Morgana,Fizz,321.0
Morgana,Syndra,303.0
Morgana,Orianna,295.0
Morgana,Twisted Fate,286.0
Morgana,LeBlanc,240.0
Morgana,Diana,237.0
Morgana,Ryze,225.0
Morgana,Anivia,220.0
Morgana,Aurora,209.0
Morgana,Hwei,207.0
Morgana,Galio,205.0
Morgana,Aurelion Sol,199.0
Morgana,Ekko,192.0
Morgana,Vladimir,183.0
Morgana,Lissandra,179.0
Morgana,Kassadin,159.0
Morgana,Naafiri,159.0
Morgana,Vex,155.0
Morgana,Irelia,147.0
Morgana,Annie,134.0
Morgana,Akshan,119.0
Morgana,Talon,115.0
Morgana,Azir,113.0
Morgana,Qiyana,100.0
Morgana,Taliyah,98.0
Morgana,Brand,84.0
Morgana,Vel'Koz,78.0
Morgana,Smolder,71.0
Morgana,Ziggs,68.0
Morgana,Malphite,55.0
Morgana,Cassiopeia,55.0
Morgana,Sion,51.0
Morgana,Swain,51.0
Morgana,Nasus,41.0
Morgana,Kog'Maw,41.0
Morgana,Pantheon,40.0
Morgana,Jayce,34.0
Morgana,Cho'Gath,33.0
Morgana,Kayle,31.0
Kayle,Ahri,1081.0
Kayle,Yasuo,715.0
Kayle,Malzahar,564.0
Kayle,Katarina,551.0
Kayle,Sylas,488.0
Kayle,Veigar,473.0
Kayle,Zed,467.0
Kayle,Viktor,429.0
Kayle,Mel,413.0
Kayle,Syndra,399.0
Kayle,Akali,390.0
Kayle,Yone,377.0
Kayle,Xerath,336.0
Kayle,Twisted Fate,304.0
Kayle,Kassadin,304.0
Kayle,Lux,283.0
Kayle,Fizz,281.0
Kayle,Orianna,261.0
Kayle,Aurelion Sol,261.0
Kayle,Ekko,256.0
Kayle,Aurora,256.0
Kayle,Anivia,252.0
Kayle,Ryze,251.0
Kayle,LeBlanc,235.0
Kayle,Diana,228.0
Kayle,Hwei,224.0
Kayle,Zoe,222.0
Kayle,Vladimir,221.0
Kayle,Galio,220.0
Kayle,Lissandra,198.0
Kayle,Akshan,197.0
Kayle,Naafiri,184.0
Kayle,Irelia,158.0
Kayle,Vex,155.0
Kayle,Annie,143.0
Kayle,Qiyana,137.0
Kayle,Vel'Koz,112.0
Kayle,Taliyah,112.0
Kayle,Azir,105.0
Kayle,Talon,102.0
Kayle,Cassiopeia,85.0
Kayle,Smolder,71.0
Kayle,Sion,70.0
Kayle,Brand,68.0
Kayle,Nasus,67.0
Kayle,Malphite,66.0
Kayle,Swain,65.0
Kayle,Cho'Gath,63.0
Kayle,Kog'Maw,55.0
Kayle,Pantheon,43.0
Kayle,Ziggs,41.0
Kayle,Jayce,40.0
Kayle,Morgana,31.0
Cho'Gath,Ahri,987.0
Cho'Gath,Yasuo,933.0
Cho'Gath,Katarina,731.0
Cho'Gath,Zed,653.0
Cho'Gath,Malzahar,570.0
Cho'Gath,Sylas,524.0
Cho'Gath,Viktor,508.0
Cho'Gath,Akali,490.0
Cho'Gath,Yone,471.0
Cho'Gath,Mel,435.0
Cho'Gath,Fizz,421.0
Cho'Gath,Veigar,399.0
Cho'Gath,Syndra,336.0
Cho'Gath,Xerath,317.0
Cho'Gath,Lux,288.0
Cho'Gath,Diana,285.0
Cho'Gath,Twisted Fate,283.0
Cho'Gath,Orianna,278.0
Cho'Gath,Aurelion Sol,278.0
Cho'Gath,Aurora,267.0
Cho'Gath,Ryze,258.0
Cho'Gath,Hwei,254.0
Cho'Gath,LeBlanc,253.0
Cho'Gath,Ekko,250.0
Cho'Gath,Anivia,241.0
Cho'Gath,Galio,232.0
Cho'Gath,Vladimir,205.0
Cho'Gath,Naafiri,194.0
Cho'Gath,Akshan,186.0
Cho'Gath,Kassadin,183.0
Cho'Gath,Irelia,179.0
Cho'Gath,Vex,177.0
Cho'Gath,Lissandra,176.0
Cho'Gath,Zoe,175.0
Cho'Gath,Annie,146.0
Cho'Gath,Qiyana,134.0
Cho'Gath,Talon,130.0
Cho'Gath,Taliyah,123.0
Cho'Gath,Cassiopeia,114.0
Cho'Gath,Azir,113.0
Cho'Gath,Vel'Koz,93.0
Cho'Gath,Brand,92.0
Cho'Gath,Swain,88.0
Cho'Gath,Smolder,88.0
Cho'Gath,Sion,78.0
Cho'Gath,Ziggs,70.0
Cho'Gath,Malphite,68.0
Cho'Gath,Pantheon,64.0
Cho'Gath,Kayle,63.0
Cho'Gath,Kog'Maw,51.0
Cho'Gath,Nasus,50.0
Cho'Gath,Jayce,34.0
Cho'Gath,Morgana,33.0
Orianna,Ahri,8769.0
Orianna,Viktor,4831.0
Orianna,Yasuo,4005.0
Orianna,Sylas,3441.0
Orianna,Mel,3342.0
Orianna,Akali,3182.0
Orianna,Malzahar,3092.0
Orianna,Xerath,3088.0
Orianna,Syndra,3020.0
Orianna,Zed,2740.0
Orianna,Yone,2632.0
Orianna,Twisted Fate,2618.0
Orianna,Katarina,2616.0
Orianna,Veigar,2390.0
Orianna,Ryze,2289.0
Orianna,LeBlanc,2146.0
Orianna,Lux,1964.0
Orianna,Aurora,1922.0
Orianna,Diana,1815.0
Orianna,Fizz,1781.0
Orianna,Hwei,1763.0
Orianna,Galio,1744.0
Orianna,Zoe,1615.0
Orianna,Anivia,1538.0
Orianna,Aurelion Sol,1528.0
Orianna,Ekko,1451.0
Orianna,Irelia,1292.0
Orianna,Vladimir,1283.0
Orianna,Lissandra,1270.0
Orianna,Akshan,1269.0
Orianna,Vex,1249.0
Orianna,Kassadin,1203.0
Orianna,Naafiri,1173.0
Orianna,Azir,1160.0
Orianna,Annie,1029.0
Orianna,Taliyah,1012.0
Orianna,Qiyana,983.0
Orianna,Talon,828.0
Orianna,Vel'Koz,602.0
Orianna,Cassiopeia,572.0
Orianna,Brand,488.0
Orianna,Ziggs,446.0
Orianna,Swain,407.0
Orianna,Sion,398.0
Orianna,Smolder,363.0
Orianna,Jayce,296.0
Orianna,Morgana,295.0
Orianna,Kog'Maw,283.0
Orianna,Cho'Gath,278.0
Orianna,Pantheon,267.0
Orianna,Kayle,261.0
Orianna,Malphite,228.0
Orianna,Nasus,213.0
Ziggs,Ahri,1381.0
Ziggs,Malzahar,917.0
Ziggs,Viktor,890.0
Ziggs,Xerath,830.0
Ziggs,Mel,794.0
Ziggs,Yasuo,757.0
Ziggs,Veigar,741.0
Ziggs,Zed,652.0
Ziggs,Syndra,614.0
Ziggs,Katarina,607.0
Ziggs,Lux,607.0
Ziggs,Yone,586.0
Ziggs,Sylas,574.0
Ziggs,Akali,544.0
Ziggs,Fizz,498.0
Ziggs,Twisted Fate,484.0
Ziggs,Orianna,446.0
Ziggs,LeBlanc,419.0
Ziggs,Hwei,392.0
Ziggs,Diana,372.0
Ziggs,Aurelion Sol,359.0
Ziggs,Zoe,340.0
Ziggs,Anivia,314.0
Ziggs,Ryze,309.0
Ziggs,Kassadin,306.0
Ziggs,Aurora,304.0
Ziggs,Ekko,290.0
Ziggs,Naafiri,270.0
Ziggs,Galio,268.0
Ziggs,Lissandra,264.0
Ziggs,Irelia,261.0
Ziggs,Akshan,255.0
Ziggs,Vladimir,244.0
Ziggs,Vex,232.0
Ziggs,Annie,197.0
Ziggs,Qiyana,190.0
Ziggs,Azir,185.0
Ziggs,Talon,175.0
Ziggs,Vel'Koz,162.0
Ziggs,Taliyah,160.0
Ziggs,Brand,149.0
Ziggs,Smolder,116.0
Ziggs,Cassiopeia,112.0
Ziggs,Swain,91.0
Ziggs,Malphite,80.0
Ziggs,Cho'Gath,70.0
Ziggs,Morgana,68.0
Ziggs,Sion,67.0
Ziggs,Jayce,62.0
Ziggs,Kog'Maw,60.0
Ziggs,Nasus,44.0
Ziggs,Pantheon,44.0
Ziggs,Kayle,41.0
Ryze,Ahri,6597.0
Ryze,Yasuo,3748.0
Ryze,Viktor,3742.0
Ryze,Malzahar,3422.0
Ryze,Sylas,3307.0
Ryze,Akali,2977.0
Ryze,Yone,2951.0
Ryze,Zed,2849.0
Ryze,Twisted Fate,2700.0
Ryze,Katarina,2470.0
Ryze,Mel,2386.0
Ryze,Orianna,2289.0
Ryze,Syndra,2240.0
Ryze,Veigar,2195.0
Ryze,Xerath,1948.0
Ryze,Anivia,1947.0
Ryze,Fizz,1749.0
Ryze,LeBlanc,1746.0
Ryze,Aurora,1702.0
Ryze,Aurelion Sol,1664.0
Ryze,Galio,1659.0
Ryze,Lux,1582.0
Ryze,Hwei,1525.0
Ryze,Ekko,1523.0
Ryze,Diana,1486.0
Ryze,Vladimir,1410.0
Ryze,Kassadin,1289.0
Ryze,Zoe,1264.0
Ryze,Irelia,1163.0
Ryze,Lissandra,1140.0
Ryze,Akshan,1133.0
Ryze,Naafiri,1107.0
Ryze,Taliyah,1063.0
Ryze,Vex,991.0
Ryze,Qiyana,980.0
Ryze,Annie,957.0
Ryze,Azir,863.0
Ryze,Cassiopeia,854.0
Ryze,Talon,828.0
Ryze,Vel'Koz,492.0
Ryze,Brand,435.0
Ryze,Smolder,431.0
Ryze,Swain,406.0
Ryze,Sion,387.0
Ryze,Pantheon,316.0
Ryze,Ziggs,309.0
Ryze,Jayce,301.0
Ryze,Cho'Gath,258.0
Ryze,Kayle,251.0
Ryze,Nasus,245.0
Ryze,Malphite,240.0
Ryze,Morgana,225.0
Ryze,Kog'Maw,183.0
Cassiopeia,Ahri,1792.0
Cassiopeia,Yasuo,1166.0
Cassiopeia,Sylas,1151.0
Cassiopeia,Viktor,909.0
Cassiopeia,Katarina,872.0
Cassiopeia,Ryze,854.0
Cassiopeia,Malzahar,825.0
Cassiopeia,Zed,824.0
Cassiopeia,Syndra,784.0
Cassiopeia,Yone,765.0
Cassiopeia,Xerath,681.0
Cassiopeia,Mel,671.0
Cassiopeia,Akali,652.0
Cassiopeia,Diana,627.0
Cassiopeia,Veigar,618.0
Cassiopeia,Orianna,572.0
Cassiopeia,Twisted Fate,564.0
Cassiopeia,Vladimir,544.0
Cassiopeia,Fizz,505.0
Cassiopeia,Lux,498.0
Cassiopeia,Galio,480.0
Cassiopeia,Aurelion Sol,447.0
Cassiopeia,Irelia,436.0
Cassiopeia,Aurora,431.0
Cassiopeia,Akshan,418.0
Cassiopeia,Kassadin,414.0
Cassiopeia,Anivia,401.0
Cassiopeia,LeBlanc,388.0
Cassiopeia,Ekko,388.0
Cassiopeia,Hwei,388.0
Cassiopeia,Zoe,331.0
Cassiopeia,Lissandra,305.0
Cassiopeia,Vex,304.0
Cassiopeia,Naafiri,290.0
Cassiopeia,Talon,238.0
Cassiopeia,Annie,229.0
Cassiopeia,Azir,211.0
Cassiopeia,Qiyana,206.0
Cassiopeia,Taliyah,197.0
Cassiopeia,Vel'Koz,158.0
Cassiopeia,Sion,151.0
Cassiopeia,Swain,147.0
Cassiopeia,Brand,132.0
Cassiopeia,Cho'Gath,114.0
Cassiopeia,Ziggs,112.0
Cassiopeia,Smolder,112.0
Cassiopeia,Kayle,85.0
Cassiopeia,Nasus,85.0
Cassiopeia,Kog'Maw,73.0
Cassiopeia,Pantheon,71.0
Cassiopeia,Malphite,68.0
Cassiopeia,Jayce,68.0
Cassiopeia,Morgana,55.0
Jayce,Ahri,1065.0
Jayce,Yasuo,645.0
Jayce,Sylas,539.0
Jayce,Akali,514.0
Jayce,Katarina,495.0
Jayce,Yone,489.0
Jayce,Zed,463.0
Jayce,Viktor,460.0
Jayce,Mel,419.0
Jayce,Twisted Fate,395.0
Jayce,Kassadin,362.0
Jayce,Malzahar,344.0
Jayce,Xerath,329.0
Jayce,Galio,321.0
Jayce,Aurora,311.0
Jayce,Veigar,304.0
Jayce,Ryze,301.0
Jayce,Orianna,296.0
Jayce,Syndra,295.0
Jayce,Fizz,280.0
Jayce,LeBlanc,275.0
Jayce,Zoe,268.0
Jayce,Lux,236.0
Jayce,Hwei,233.0
Jayce,Diana,230.0
Jayce,Akshan,217.0
Jayce,Aurelion Sol,206.0
Jayce,Ekko,201.0
Jayce,Anivia,197.0
Jayce,Irelia,184.0
Jayce,Talon,178.0
Jayce,Vex,170.0
Jayce,Vladimir,169.0
Jayce,Qiyana,162.0
Jayce,Naafiri,162.0
Jayce,Lissandra,161.0
Jayce,Taliyah,128.0
Jayce,Annie,120.0
Jayce,Azir,105.0
Jayce,Malphite,81.0
Jayce,Brand,71.0
Jayce,Vel'Koz,71.0
Jayce,Cassiopeia,68.0
Jayce,Smolder,68.0
Jayce,Sion,66.0
Jayce,Ziggs,62.0
Jayce,Swain,55.0
Jayce,Pantheon,48.0
Jayce,Nasus,44.0
Jayce,Kayle,40.0
Jayce,Kog'Maw,39.0
Jayce,Morgana,34.0
Jayce,Cho'Gath,34.0
Kog'Maw,Ahri,1000.0
Kog'Maw,Yasuo,507.0
Kog'Maw,Viktor,485.0
Kog'Maw,Malzahar,432.0
Kog'Maw,Katarina,420.0
Kog'Maw,Syndra,419.0
Kog'Maw,Xerath,388.0
Kog'Maw,Yone,370.0
Kog'Maw,Zed,365.0
Kog'Maw,Akali,360.0
Kog'Maw,Mel,359.0
Kog'Maw,Veigar,352.0
Kog'Maw,Sylas,326.0
Kog'Maw,Lux,305.0
Kog'Maw,Orianna,283.0
Kog'Maw,LeBlanc,273.0
Kog'Maw,Twisted Fate,270.0
Kog'Maw,Fizz,268.0
Kog'Maw,Diana,248.0
Kog'Maw,Zoe,241.0
Kog'Maw,Ekko,240.0
Kog'Maw,Aurora,240.0
Kog'Maw,Aurelion Sol,238.0
Kog'Maw,Hwei,224.0
Kog'Maw,Akshan,213.0
Kog'Maw,Vladimir,207.0
Kog'Maw,Kassadin,201.0
Kog'Maw,Anivia,196.0
Kog'Maw,Ryze,183.0
Kog'Maw,Irelia,172.0
Kog'Maw,Galio,167.0
Kog'Maw,Vex,162.0
Kog'Maw,Naafiri,152.0
Kog'Maw,Lissandra,150.0
Kog'Maw,Azir,133.0
Kog'Maw,Qiyana,121.0
Kog'Maw,Annie,116.0
Kog'Maw,Vel'Koz,109.0
Kog'Maw,Taliyah,78.0
Kog'Maw,Talon,75.0
Kog'Maw,Smolder,75.0
Kog'Maw,Cassiopeia,73.0
Kog'Maw,Brand,71.0
Kog'Maw,Sion,60.0
Kog'Maw,Ziggs,60.0
Kog'Maw,Swain,56.0
Kog'Maw,Kayle,55.0
Kog'Maw,Cho'Gath,51.0
Kog'Maw,Morgana,41.0
Kog'Maw,Jayce,39.0
Kog'Maw,Malphite,38.0
Kog'Maw,Pantheon,34.0
Taliyah,Ahri,3445.0
Taliyah,Yasuo,2348.0
Taliyah,Viktor,1566.0
Taliyah,Sylas,1319.0
Taliyah,Malzahar,1288.0
Taliyah,Akali,1202.0
Taliyah,Twisted Fate,1128.0
Taliyah,Yone,1110.0
Taliyah,Mel,1092.0
Taliyah,Xerath,1066.0
Taliyah,Ryze,1063.0
Taliyah,Katarina,1019.0
Taliyah,Orianna,1012.0
Taliyah,Syndra,971.0
Taliyah,Zed,935.0
Taliyah,Aurora,793.0
Taliyah,Veigar,761.0
Taliyah,LeBlanc,754.0
Taliyah,Fizz,744.0
Taliyah,Lux,742.0
Taliyah,Galio,734.0
Taliyah,Hwei,704.0
Taliyah,Diana,665.0
Taliyah,Zoe,622.0
Taliyah,Anivia,603.0
Taliyah,Aurelion Sol,578.0
Taliyah,Ekko,570.0
Taliyah,Akshan,538.0
Taliyah,Irelia,514.0
Taliyah,Naafiri,514.0
Taliyah,Kassadin,509.0
Taliyah,Vex,489.0
Taliyah,Qiyana,469.0
Taliyah,Lissandra,450.0
Taliyah,Vladimir,444.0
Taliyah,Azir,442.0
Taliyah,Annie,372.0
Taliyah,Talon,342.0
Taliyah,Vel'Koz,230.0
Taliyah,Cassiopeia,197.0
Taliyah,Sion,175.0
Taliyah,Smolder,167.0
Taliyah,Brand,163.0
Taliyah,Swain,161.0
Taliyah,Ziggs,160.0
Taliyah,Pantheon,130.0
Taliyah,Jayce,128.0
Taliyah,Cho'Gath,123.0
Taliyah,Kayle,112.0
Taliyah,Malphite,99.0
Taliyah,Morgana,98.0
Taliyah,Kog'Maw,78.0
Taliyah,Nasus,77.0
Smolder,Malzahar,5415.0
Smolder,Ahri,1484.0
Smolder,Galio,1075.0
Smolder,Yasuo,996.0
Smolder,Viktor,806.0
Smolder,Veigar,747.0
Smolder,Yone,742.0
Smolder,Sylas,727.0
Smolder,Mel,709.0
Smolder,Katarina,673.0
Smolder,Zed,645.0
Smolder,Akali,637.0
Smolder,Xerath,607.0
Smolder,Twisted Fate,593.0
Smolder,Syndra,553.0
Smolder,Lux,524.0
Smolder,Kassadin,507.0
Smolder,Fizz,491.0
Smolder,Aurelion Sol,460.0
Smolder,LeBlanc,438.0
Smolder,Ryze,431.0
Smolder,Diana,370.0
Smolder,Orianna,363.0
Smolder,Ekko,360.0
Smolder,Vladimir,339.0
Smolder,Aurora,339.0
Smolder,Anivia,326.0
Smolder,Lissandra,326.0
Smolder,Irelia,325.0
Smolder,Naafiri,316.0
Smolder,Hwei,312.0
Smolder,Vex,289.0
Smolder,Zoe,283.0
Smolder,Akshan,278.0
Smolder,Annie,226.0
Smolder,Qiyana,218.0
Smolder,Azir,208.0
Smolder,Taliyah,167.0
Smolder,Talon,158.0
Smolder,Sion,146.0
Smolder,Vel'Koz,135.0
Smolder,Brand,132.0
Smolder,Ziggs,116.0
Smolder,Cassiopeia,112.0
Smolder,Malphite,106.0
Smolder,Swain,100.0
Smolder,Cho'Gath,88.0
Smolder,Nasus,84.0
Smolder,Kog'Maw,75.0
Smolder,Kayle,71.0
Smolder,Morgana,71.0
Smolder,Jayce,68.0
Smolder,Pantheon,62.0
Azir,Ahri,3138.0
Azir,Yasuo,2215.0
Azir,Viktor,1580.0
Azir,Yone,1435.0
Azir,Malzahar,1362.0
Azir,Xerath,1353.0
Azir,Sylas,1277.0
Azir,Akali,1274.0
Azir,Zed,1273.0
Azir,Katarina,1223.0
Azir,Mel,1175.0
Azir,Orianna,1160.0
Azir,Veigar,1037.0
Azir,Twisted Fate,972.0
Azir,Syndra,954.0
Azir,LeBlanc,943.0
Azir,Lux,887.0
Azir,Ryze,863.0
Azir,Fizz,788.0
Azir,Diana,769.0
Azir,Aurelion Sol,723.0
Azir,Hwei,696.0
Azir,Aurora,693.0
Azir,Anivia,660.0
Azir,Galio,613.0
Azir,Zoe,613.0
Azir,Ekko,590.0
Azir,Vladimir,526.0
Azir,Irelia,509.0
Azir,Akshan,497.0
Azir,Vex,497.0
Azir,Naafiri,496.0
Azir,Kassadin,492.0
Azir,Lissandra,486.0
Azir,Taliyah,442.0
Azir,Annie,388.0
Azir,Qiyana,366.0
Azir,Talon,342.0
Azir,Vel'Koz,244.0
Azir,Swain,224.0
Azir,Cassiopeia,211.0
Azir,Smolder,208.0
Azir,Brand,202.0
Azir,Ziggs,185.0
Azir,Sion,174.0
Azir,Kog'Maw,133.0
Azir,Morgana,113.0
Azir,Cho'Gath,113.0
Azir,Malphite,113.0
Azir,Kayle,105.0
Azir,Jayce,105.0
Azir,Pantheon,102.0
Azir,Nasus,90.0
